30,0,0,0,0,0,0
60,0,0,0,0,0,0
90,0,0,0,0,0,0
120,0,0,0,0,0,0
150,0,0,0,0,0,0
180,0,0,0,0,0,0
210,0,0,0,0,0,0
240,0,0,0,0,0,0
270,0,0,0,0,0,0
300,0,0,0,0,0,0
330,0,0,0,0,0,0
360,0,0,0,0,0,0
390,0,0,0,0,0,0
420,0,0,0,0,0,0
450,0,0,0,0,0,0
480,0,0,0,0,0,0
510,21.228,0,0,0,0,0
540,19.776,0,0,0,0,0
570,18.477,0,0,0,0,0
600,17.613,0,0,0,0,0
630,16.89,0,0,0,0,0
660,16.173,0,0,0,0,0
690,15.585,0,0,0,0,0
720,15.021,0,0,0,0,0
750,14.718,0,0,0,0,0
780,14.433,0,0,0,0,0
810,14.142,0,0,0,0,0
840,13.86,0,0,0,0,0
870,13.719,0,0,0,0,0
900,15.879,0,0,0,0,0
930,20.493,0,0,0,0,0
960,26.112,0,0,0,0,0
990,31.74,0,0,0,0,0
1020,36.675,0,0,0,0,0
1050,40.857,0,0,0,0,0
1080,44.334,0,0,0,0,0
1110,47.076,0,0,0,0,0
1140,49.551,0,0,0,0,0
1170,51.438,0,0,0,0,0
1200,50.43,0,0,0,0,0
1230,48.822,0,0,0,0,0
1260,47.526,0,0,0,0,0
1290,47.241,0,0,0,0,0
1320,49.125,0,0,0,0,0
1350,51.45,0,0,0,0,0
1380,51.003,0,0,0,0,0
1410,49.857,0,0,0,0,0
1440,48.828,0,0,0,0,0
1470,47.961,0,0,0,0,0
1500,47.538,0,0,0,0,0
1530,49.413,0,0,0,0,0
1560,52.029,0,0,0,0,0
1590,52.167,0,0,0,0,0
1620,51.162,0,0,0,0,0
1650,49.995,0,0,0,0,0
1680,48.972,0,0,0,0,0
1710,48.138,0,0,0,0,0
1740,48.3611,0,0,0,0,0
1770,49.0936,0,0,0,0,0
1800,51.3032,0,0,0,0,0
1830,51.7488,0,0,0,0,0
1860,51.0041,0,0,0,0,0
1890,51.4588,0,0,0,0,0
1920,53.5311,0,0,0,0,0
1950,55.8689,0,0,0,0,0
1980,57.932,0,0,0,0,0
2010,59.6716,0,0,0,0,0
2040,61.0023,0,0,0,0,0
2070,60.9931,0,0,0,0,0
2100,59.6838,0,0,0,0,0
2130,58.6553,0,0,0,0,0
2160,57.9381,0,0,0,0,0
2190,58.6675,0,0,0,0,0
2220,60.1294,0,0,0,0,0
2250,60.5841,0,0,0,0,0
2280,59.6869,0,0,0,0,0
2310,58.6645,0,0,0,0,0
2340,58.0785,0,0,0,0,0
2370,59.2565,0,0,0,0,0
2400,61.0023,0,0,0,0,0
2430,62.1956,0,0,0,0,0
2460,62.1925,0,0,0,0,0
2490,61.3044,0,0,0,0,0
2520,60.8649,0,0,0,0,0
2550,61.8934,0,0,0,0,0
2580,63.3645,0,0,0,0,0
2610,63.81,0,0,0,0,0
2640,62.928,0,0,0,0,0
2670,62.0491,0,0,0,0,0
2700,60.8741,0,0,0,0,0
2730,59.693,0,0,0,0,0
2760,58.6767,0,0,0,0,0
2790,58.0938,0,0,0,0,0
2820,58.2433,0,0,0,0,0
2850,59.696,0,0,0,0,0
2880,61.6096,0,0,0,0,0
2910,62.1925,0,0,0,0,0
2940,61.4662,0,0,0,0,0
2970,60.7245,0,0,0,0,0
3000,60.1416,0,0,0,0,0
3030,60.5841,0,0,0,0,0
3060,61.6126,0,0,0,0,0
3090,60.8741,0,0,0,0,0
3120,59.9951,0,0,0,0,0
3150,59.4061,0,0,0,0,0
3180,60.1386,0,0,0,0,0
3210,61.8965,0,0,0,0,0
3240,63.0745,0,0,0,0,0
3270,62.3482,0,0,0,0,0
3300,61.6096,0,0,0,0,0
3330,60.7245,0,0,0,0,0
3360,59.7021,0,0,0,0,0
3390,58.6767,0,0,0,0,0
3420,57.9503,0,0,0,0,0
3450,57.5078,0,0,0,0,0
3480,57.227,0,0,0,0,0
3510,56.7814,0,0,0,0,0
3540,56.6349,0,0,0,0,0
3570,57.0775,0,0,0,0,0
3600,58.2341,0,0,0,0,0
3630,59.696,0,0,0,0,0
3660,61.0114,0,0,0,0,0
3690,61.9026,0,0,0,0,0
3720,61.1701,0,0,0,0,0
3750,60.2881,0,0,0,0,0
3780,60.2881,0,0,0,0,0
3810,61.3227,0,0,0,0,0
3840,62.1956,0,0,0,0,0
3870,61.6218,0,0,0,0,0
3900,60.578,0,0,0,0,0
3930,59.9982,0,0,0,0,0
3960,60.285,0,0,0,0,0
3990,61.6157,0,0,0,0,0
4020,62.9311,0,0,0,0,0
4050,62.632,0,0,0,0,0
4080,61.7561,0,0,0,0,0
4110,61.1701,0,0,0,0,0
4140,61.0236,0,0,0,0,0
4170,62.0582,0,0,0,0,0
4200,61.3258,0,0,0,0,0
4230,60.4376,0,0,0,0,0
4260,59.8517,0,0,0,0,0
4290,59.9921,0,0,0,0,0
4320,61.3227,0,0,0,0,0
4350,62.6473,0,0,0,0,0
4380,62.1956,0,0,0,0,0
4410,61.6157,0,0,0,0,0
4440,61.6157,0,0,0,0,0
4470,62.7876,0,0,0,0,0
4500,62.2047,0,0,0,0,0
4530,61.3227,0,0,0,0,0
4560,61.631,0,0,0,0,0
4590,62.928,0,0,0,0,0
4620,62.513,0,0,0,0,0
4650,61.3258,0,0,0,0,0
4680,60.2942,0,0,0,0,0
4710,59.5801,0,0,0,0,0
4740,59.2688,0,0,0,0,0
4770,60.7306,0,0,0,0,0
4800,62.928,0,0,0,0,0
4830,64.5517,0,0,0,0,0
4860,64.2678,0,0,0,0,0
4890,63.5323,0,0,0,0,0
4920,62.6534,0,0,0,0,0
4950,61.9056,0,0,0,0,0
4980,60.8771,0,0,0,0,0
5010,60.0043,0,0,0,0,0
5040,59.4122,0,0,0,0,0
5070,58.9605,0,0,0,0,0
5100,59.4061,0,0,0,0,0
5130,61.0297,0,0,0,0,0
5160,61.1793,0,0,0,0,0
5190,60.3034,0,0,0,0,0
5220,59.696,0,0,0,0,0
5250,59.5587,0,0,0,0,0
5280,61.1701,0,0,0,0,0
5310,61.9117,0,0,0,0,0
5340,61.4753,0,0,0,0,0
5370,61.6126,0,0,0,0,0
5400,63.5201,0,0,0,0,0
5430,65.4489,0,0,0,0,0
5460,65.3024,0,0,0,0,0
5490,64.2709,0,0,0,0,0
5520,63.5293,0,0,0,0,0
5550,62.6534,0,0,0,0,0
5580,61.6249,0,0,0,0,0
5610,60.7428,0,0,0,0,0
5640,59.9921,0,0,0,0,0
5670,59.4244,0,0,0,0,0
5700,58.9697,0,0,0,0,0
5730,58.9788,0,0,0,0,0
5760,60.7337,0,0,0,0,0
5790,61.6157,0,0,0,0,0
5820,61.0236,0,0,0,0,0
5850,60.3034,0,0,0,0,0
5880,59.9982,0,0,0,0,0
5910,61.3258,0,0,0,0,0
5940,62.2017,0,0,0,0,0
5970,61.4753,0,0,0,0,0
6000,60.8985,0,0,0,0,0
6030,60.3034,0,0,0,0,0
6060,61.4753,0,0,0,0,0
6090,62.2017,0,0,0,0,0
6120,61.6218,0,0,0,0,0
6150,60.8893,0,0,0,0,0
6180,60.2973,0,0,0,0,0
6210,61.6249,0,0,0,0,0
6240,62.9372,0,0,0,0,0
6270,62.2078,0,0,0,0,0
6300,61.7775,0,0,0,0,0
6330,63.3797,0,0,0,0,0
6360,65.2963,0,0,0,0,0
6390,66.4805,0,0,0,0,0
6420,67.6616,0,0,0,0,0
6450,68.8549,0,0,0,0,0
6480,69.4439,0,0,0,0,0
6510,70.0421,0,0,0,0,0
6540,67.3717,0,0,0,0,0
6570,64.5883,0,0,0,0,0
6600,62.3634,0,0,0,0,0
6630,60.4376,0,0,0,0,0
6660,58.7011,0,0,0,0,0
6690,57.2392,0,0,0,0,0
6720,56.1985,0,0,0,0,0
6750,59.5892,0,0,0,0,0
6780,63.5812,0,0,0,0,0
6810,65.7816,0,0,0,0,0
6840,64.6127,0,0,0,0,0
6870,63.1356,0,0,0,0,0
6900,61.808,0,0,0,0,0
6930,60.6269,0,0,0,0,0
6960,59.4427,0,0,0,0,0
6990,58.4112,0,0,0,0,0
7020,57.8099,0,0,0,0,0
7050,60.7612,0,0,0,0,0
7080,64.4632,0,0,0,0,0
7110,66.8223,0,0,0,0,0
7140,65.3574,0,0,0,0,0
7170,64.0115,0,0,0,0,0
7200,62.9799,0,0,0,0,0
7230,62.2474,0,0,0,0,0
7260,61.6615,0,0,0,0,0
7290,60.6269,0,0,0,0,0
7320,59.8822,0,0,0,0,0
7350,59.0063,0,0,0,0,0
7380,61.6676,0,0,0,0,0
7410,64.6219,0,0,0,0,0
7440,63.8528,0,0,0,0,0
7470,62.8578,0,0,0,0,0
7500,61.6737,0,0,0,0,0
7530,60.636,0,0,0,0,0
7560,60.0287,0,0,0,0,0
7590,61.6615,0,0,0,0,0
7620,62.9799,0,0,0,0,0
7650,62.2444,0,0,0,0,0
7680,61.5119,0,0,0,0,0
7710,60.7703,0,0,0,0,0
7740,59.8822,0,0,0,0,0
7770,59.0063,0,0,0,0,0
7800,58.1151,0,0,0,0,0
7830,59.0063,0,0,0,0,0
7860,62.6839,0,0,0,0,0
7890,66.2394,0,0,0,0,0
7920,66.5263,0,0,0,0,0
7950,65.0552,0,0,0,0,0
7980,63.8772,0,0,0,0,0
8010,63.2821,0,0,0,0,0
8040,62.5496,0,0,0,0,0
8070,61.6645,0,0,0,0,0
8100,60.6299,0,0,0,0,0
8130,59.8883,0,0,0,0,0
8160,59.3084,0,0,0,0,0
8190,60.6269,0,0,0,0,0
8220,64.5761,0,0,0,0,0
8250,67.3991,0,0,0,0,0
8280,66.5324,0,0,0,0,0
8310,65.336,0,0,0,0,0
8340,64.4479,0,0,0,0,0
8370,63.5812,0,0,0,0,0
8400,62.5587,0,0,0,0,0
8430,61.518,0,0,0,0,0
8460,60.6452,0,0,0,0,0
8490,59.8913,0,0,0,0,0
8520,59.1558,0,0,0,0,0
8550,58.5546,0,0,0,0,0
8580,59.0063,0,0,0,0,0
8610,63.1356,0,0,0,0,0
8640,66.8193,0,0,0,0,0
8670,67.4083,0,0,0,0,0
8700,65.925,0,0,0,0,0
8730,64.9087,0,0,0,0,0
8760,64.1671,0,0,0,0,0
8790,62.9891,0,0,0,0,0
8820,62.2474,0,0,0,0,0
8850,61.5211,0,0,0,0,0
8880,60.926,0,0,0,0,0
8910,60.1813,0,0,0,0,0
8940,59.3176,0,0,0,0,0
8970,58.7072,0,0,0,0,0
9000,58.1182,0,0,0,0,0
9030,58.109,0,0,0,0,0
9060,61.9453,0,0,0,0,0
9090,65.4825,0,0,0,0,0
9120,66.5385,0,0,0,0,0
9150,65.1926,0,0,0,0,0
9180,64.1824,0,0,0,0,0
9210,63.4316,0,0,0,0,0
9240,62.7052,0,0,0,0,0
9270,61.6676,0,0,0,0,0
9300,60.7764,0,0,0,0,0
9330,60.0378,0,0,0,0,0
9360,60.3339,0,0,0,0,0
9390,64.454,0,0,0,0,0
9420,67.9912,0,0,0,0,0
9450,68.156,0,0,0,0,0
9480,66.511,0,0,0,0,0
9510,65.3543,0,0,0,0,0
9540,64.454,0,0,0,0,0
9570,63.5842,0,0,0,0,0
9600,62.8487,0,0,0,0,0
9630,61.9545,0,0,0,0,0
9660,61.0663,0,0,0,0,0
9690,60.6299,0,0,0,0,0
9720,60.0348,0,0,0,0,0
9750,62.4,0,0,0,0,0
9780,65.0674,0,0,0,0,0
9810,64.0481,0,0,0,0,0
9840,63.1295,0,0,0,0,0
9870,62.2566,0,0,0,0,0
9900,61.6676,0,0,0,0,0
9930,60.6391,0,0,0,0,0
9960,59.7357,0,0,0,0,0
9990,59.0093,0,0,0,0,0
10020,58.4203,0,0,0,0,0
10050,59.7357,0,0,0,0,0
10080,64.1641,0,0,0,0,0
10110,67.5487,0,0,0,0,0
10140,69.3127,0,0,0,0,0
10170,71.9557,0,0,0,0,0
10200,74.1805,0,0,0,0,0
10230,75.2182,0,0,0,0,0
10260,75.8133,0,0,0,0,0
10290,76.7076,0,0,0,0,0
10320,77.7483,0,0,0,0,0
10350,78.4807,0,0,0,0,0
10380,79.082,0,0,0,0,0
10410,78.7798,0,0,0,0,0
10440,76.0026,0,0,0,0,0
10470,75.2487,0,0,0,0,0
10500,77.0189,0,0,0,0,0
10530,78.7981,0,0,0,0,0
10560,79.9731,0,0,0,0,0
10590,80.8521,0,0,0,0,0
10620,81.0078,0,0,0,0,0
10650,78.8012,0,0,0,0,0
10680,78.0809,0,0,0,0,0
10710,79.3933,0,0,0,0,0
10740,80.727,0,0,0,0,0
10770,80.1288,0,0,0,0,0
10800,78.6669,0,0,0,0,0
10830,79.5337,0,0,0,0,0
10860,81.0169,0,0,0,0,0
10890,81.5998,0,0,0,0,0
10920,81.0291,0,0,0,0,0
10950,80.4614,0,0,0,0,0
10980,80.0311,0,0,0,0,0
11010,79.7351,0,0,0,0,0
11040,79.7259,0,0,0,0,0
11070,79.4299,0,0,0,0,0
11100,79.4146,0,0,0,0,0
11130,77.6415,0,0,0,0,0
11160,75.4166,0,0,0,0,0
11190,73.6556,0,0,0,0,0
11220,72.6058,0,0,0,0,0
11250,71.7329,0,0,0,0,0
11280,71.1317,0,0,0,0,0
11310,71.7329,0,0,0,0,0
11340,72.6088,0,0,0,0,0
11370,73.3321,0,0,0,0,0
11400,74.5285,0,0,0,0,0
11430,74.675,0,0,0,0,0
11460,74.6811,0,0,0,0,0
11490,75.8622,0,0,0,0,0
11520,77.9314,0,0,0,0,0
11550,79.5703,0,0,0,0,0
11580,81.0383,0,0,0,0,0
11610,82.2438,0,0,0,0,0
11640,83.2784,0,0,0,0,0
11670,83.1441,0,0,0,0,0
11700,83.2937,0,0,0,0,0
11730,84.4748,0,0,0,0,0
11760,85.5033,0,0,0,0,0
11790,86.2327,0,0,0,0,0
11820,87.1208,0,0,0,0,0
11850,87.8624,0,0,0,0,0
11880,88.4484,0,0,0,0,0
11910,88.9031,0,0,0,0,0
11940,88.4484,0,0,0,0,0
11970,88.3233,0,0,0,0,0
12000,86.8614,0,0,0,0,0
12030,86.7118,0,0,0,0,0
12060,87.7312,0,0,0,0,0
12090,88.1768,0,0,0,0,0
12120,87.899,0,0,0,0,0
12150,88.0547,0,0,0,0,0
12180,88.0486,0,0,0,0,0
12210,88.0486,0,0,0,0,0
12240,88.189,0,0,0,0,0
12270,88.4759,0,0,0,0,0
12300,88.6193,0,0,0,0,0
12330,88.7597,0,0,0,0,0
12360,89.2205,0,0,0,0,0
12390,89.2114,0,0,0,0,0
12420,89.3548,0,0,0,0,0
12450,89.3548,0,0,0,0,0
12480,89.3457,0,0,0,0,0
12510,88.7566,0,0,0,0,0
12540,88.1737,0,0,0,0,0
12570,88.4575,0,0,0,0,0
12600,88.6193,0,0,0,0,0
12630,88.7597,0,0,0,0,0
12660,88.9153,0,0,0,0,0
12690,89.0649,0,0,0,0,0
12720,89.2053,0,0,0,0,0
12750,89.3579,0,0,0,0,0
12780,89.4952,0,0,0,0,0
12810,89.6295,0,0,0,0,0
12840,89.7912,0,0,0,0,0
12870,89.7943,0,0,0,0,0
12900,89.7973,0,0,0,0,0
12930,89.9408,0,0,0,0,0
12960,90.0842,0,0,0,0,0
12990,89.5044,0,0,0,0,0
13020,87.8838,0,0,0,0,0
13050,87.0018,0,0,0,0,0
13080,87.2948,0,0,0,0,0
13110,87.7312,0,0,0,0,0
13140,87.8929,0,0,0,0,0
13170,88.3294,0,0,0,0,0
13200,88.4697,0,0,0,0,0
13230,88.7658,0,0,0,0,0
13260,88.7688,0,0,0,0,0
13290,88.7658,0,0,0,0,0
13320,88.7658,0,0,0,0,0
13350,88.3324,0,0,0,0,0
13380,88.1829,0,0,0,0,0
13410,88.1737,0,0,0,0,0
13440,88.4575,0,0,0,0,0
13470,88.6193,0,0,0,0,0
13500,88.9092,0,0,0,0,0
13530,89.2205,0,0,0,0,0
13560,89.367,0,0,0,0,0
13590,90.3833,0,0,0,0,0
13620,91.1219,0,0,0,0,0
13650,91.5705,0,0,0,0,0
13680,92.01,0,0,0,0,0
13710,92.4525,0,0,0,0,0
13740,92.5868,0,0,0,0,0
13770,92.1504,0,0,0,0,0
13800,92.01,0,0,0,0,0
13830,92.01,0,0,0,0,0
13860,92.0131,0,0,0,0,0
13890,92.4586,0,0,0,0,0
13920,92.1687,0,0,0,0,0
13950,92.1718,0,0,0,0,0
13980,92.892,0,0,0,0,0
14010,93.3529,0,0,0,0,0
14040,93.6397,0,0,0,0,0
14070,93.3498,0,0,0,0,0
14100,93.3315,0,0,0,0,0
14130,93.362,0,0,0,0,0
14160,93.3437,0,0,0,0,0
14190,93.3437,0,0,0,0,0
14220,93.3376,0,0,0,0,0
14250,93.7862,0,0,0,0,0
14280,94.2227,0,0,0,0,0
14310,92.8981,0,0,0,0,0
14340,92.4617,0,0,0,0,0
14370,92.9042,0,0,0,0,0
14400,93.4963,0,0,0,0,0
14430,93.2033,0,0,0,0,0
14460,93.3498,0,0,0,0,0
14490,93.3529,0,0,0,0,0
14520,94.0853,0,0,0,0,0
14550,93.6489,0,0,0,0,0
30,0,0,0,0,0,0
60,0,0,0,0,0,0
30,0,0,0,0,0,0
60,0,0,0,0,0,0
90,0,0,0,0,0,0
120,0,0,0,0,0,0
150,0,0,0,0,0,0
180,0,0,0,0,0,0
210,0,0,0,0,0,0
240,0,0,0,0,0,0
270,71.88,0,0,0,0,0
300,72.891,0,0,0,0,0
330,73.779,0,0,0,0,0
360,74.499,0,0,0,0,0
390,75.378,0,0,0,0,0
420,76.104,0,0,0,0,0
450,76.686,0,0,0,0,0
480,77.265,0,0,0,0,0
510,77.703,0,0,0,0,0
540,78.291,0,0,0,0,0
570,78.735,0,0,0,0,0
600,79.173,0,0,0,0,0
630,79.458,0,0,0,0,0
660,79.896,0,0,0,0,0
690,80.202,0,0,0,0,0
720,80.469,0,0,0,0,0
750,80.622,0,0,0,0,0
780,80.928,0,0,0,0,0
810,81.21,0,0,0,0,0
840,81.363,0,0,0,0,0
870,81.486,0,0,0,0,0
900,81.801,0,0,0,0,0
930,81.951,0,0,0,0,0
960,82.233,0,0,0,0,0
990,82.239,0,0,0,0,0
1020,82.386,0,0,0,0,0
1050,82.533,0,0,0,0,0
1080,82.668,0,0,0,0,0
1110,82.809,0,0,0,0,0
1140,82.818,0,0,0,0,0
1170,82.974,0,0,0,0,0
1200,83.106,0,0,0,0,0
1230,83.109,0,0,0,0,0
1260,83.256,0,0,0,0,0
1290,83.403,0,0,0,0,0
1320,83.409,0,0,0,0,0
1350,83.415,0,0,0,0,0
1380,83.553,0,0,0,0,0
1410,83.685,0,0,0,0,0
1440,83.688,0,0,0,0,0
1470,83.688,0,0,0,0,0
1500,83.685,0,0,0,0,0
1530,83.829,0,0,0,0,0
1560,83.976,0,0,0,0,0
1590,84.129,0,0,0,0,0
1620,84.138,0,0,0,0,0
1650,84.135,0,0,0,0,0
1680,84.138,0,0,0,0,0
1710,84.135,0,0,0,0,0
1740,84.276,0,0,0,0,0
1770,84.423,0,0,0,0,0
1800,84.429,0,0,0,0,0
1830,84.423,0,0,0,0,0
1860,84.429,0,0,0,0,0
1890,84.429,0,0,0,0,0
1920,84.582,0,0,0,0,0
1950,84.573,0,0,0,0,0
1980,84.576,0,0,0,0,0
2010,84.567,0,0,0,0,0
2040,84.567,0,0,0,0,0
2070,84.72,0,0,0,0,0
2100,84.72,0,0,0,0,0
2130,84.717,0,0,0,0,0
2160,84.576,0,0,0,0,0
2190,84.576,0,0,0,0,0
2220,84.423,0,0,0,0,0
2250,84.435,0,0,0,0,0
2280,84.423,0,0,0,0,0
2310,84.582,0,0,0,0,0
2340,84.582,0,0,0,0,0
2370,84.582,0,0,0,0,0
2400,84.429,0,0,0,0,0
2430,85.146,0,0,0,0,0
2460,86.898,0,0,0,0,0
2490,86.172,0,0,0,0,0
2520,81.804,0,0,0,0,0
2550,77.589,0,0,0,0,0
2580,74.808,0,0,0,0,0
2610,72.633,0,0,0,0,0
2640,70.584,0,0,0,0,0
2670,69.141,0,0,0,0,0
2700,68.406,0,0,0,0,0
2730,67.821,0,0,0,0,0
2760,67.521,0,0,0,0,0
2790,67.245,0,0,0,0,0
2820,67.377,0,0,0,0,0
2850,67.383,0,0,0,0,0
2880,67.251,0,0,0,0,0
2910,66.954,0,0,0,0,0
2940,66.795,0,0,0,0,0
2970,67.098,0,0,0,0,0
3000,67.377,0,0,0,0,0
3030,67.521,0,0,0,0,0
3060,68.109,0,0,0,0,0
3090,68.544,0,0,0,0,0
3120,68.535,0,0,0,0,0
3150,68.403,0,0,0,0,0
3180,68.544,0,0,0,0,0
3210,68.688,0,0,0,0,0
3240,69.132,0,0,0,0,0
3270,69.273,0,0,0,0,0
3300,69.426,0,0,0,0,0
3330,69.702,0,0,0,0,0
3360,70.146,0,0,0,0,0
3390,70.869,0,0,0,0,0
3420,69.996,0,0,0,0,0
3450,67.242,0,0,0,0,0
3480,64.338,0,0,0,0,0
3510,62.145,0,0,0,0,0
3540,60.564,0,0,0,0,0
3570,45.21,0,0,0,0,0
3600,33.363,0,0,0,0,0
3630,37.704,0,0,0,0,0
3660,41.304,0,0,0,0,0
3690,43.194,0,0,0,0,0
3720,44.487,0,0,0,0,0
3750,45.636,0,0,0,0,0
3780,46.779,0,0,0,0,0
3810,47.79,0,0,0,0,0
3840,48.789,0,0,0,0,0
3870,49.695,0,0,0,0,0
3900,50.391,0,0,0,0,0
3930,50.97,0,0,0,0,0
3960,51.411,0,0,0,0,0
3990,51.99,0,0,0,0,0
4020,52.569,0,0,0,0,0
4050,53.01,0,0,0,0,0
4080,53.286,0,0,0,0,0
4110,53.571,0,0,0,0,0
4140,54.009,0,0,0,0,0
4170,54.45,0,0,0,0,0
4200,54.888,0,0,0,0,0
4230,55.179,0,0,0,0,0
4260,57.354,0,0,0,0,0
4290,60.114,0,0,0,0,0
4320,60.7478,0,0,0,0,0
4350,62.3431,0,0,0,0,0
4380,65.5548,0,0,0,0,0
4410,67.4571,0,0,0,0,0
4440,68.1825,0,0,0,0,0
4470,68.3451,0,0,0,0,0
4500,64.8986,0,0,0,0,0
4530,58.9147,0,0,0,0,0
4560,54.1288,0,0,0,0,0
4590,50.9172,0,0,0,0,0
4620,53.2288,0,0,0,0,0
4650,55.989,0,0,0,0,0
4680,57.7378,0,0,0,0,0
4710,54.9746,0,0,0,0,0
4740,52.2175,0,0,0,0,0
4770,51.1881,0,0,0,0,0
4800,53.8068,0,0,0,0,0
4830,56.7174,0,0,0,0,0
4860,57.4519,0,0,0,0,0
4890,55.2696,0,0,0,0,0
4920,53.3673,0,0,0,0,0
4950,51.9255,0,0,0,0,0
4980,51.3416,0,0,0,0,0
5010,54.0957,0,0,0,0,0
5040,55.7001,0,0,0,0,0
5070,54.2432,0,0,0,0,0
5100,52.7954,0,0,0,0,0
5130,51.6245,0,0,0,0,0
5160,50.7486,0,0,0,0,0
5190,50.0262,0,0,0,0,0
5220,49.2887,0,0,0,0,0
5250,51.179,0,0,0,0,0
5280,54.1078,0,0,0,0,0
5310,53.6502,0,0,0,0,0
5340,52.3559,0,0,0,0,0
5370,51.3265,0,0,0,0,0
5400,50.6101,0,0,0,0,0
5430,52.9339,0,0,0,0,0
5460,55.8325,0,0,0,0,0
5490,55.1191,0,0,0,0,0
5520,53.9512,0,0,0,0,0
5550,53.0753,0,0,0,0,0
5580,52.3469,0,0,0,0,0
5610,51.6245,0,0,0,0,0
5640,50.8871,0,0,0,0,0
5670,50.3001,0,0,0,0,0
5700,52.061,0,0,0,0,0
5730,55.2606,0,0,0,0,0
5760,54.9656,0,0,0,0,0
5790,53.7917,0,0,0,0,0
5820,52.7864,0,0,0,0,0
5850,52.061,0,0,0,0,0
5880,51.3265,0,0,0,0,0
5910,50.7396,0,0,0,0,0
5940,50.3031,0,0,0,0,0
5970,49.7312,0,0,0,0,0
6000,49.1352,0,0,0,0,0
6030,48.6988,0,0,0,0,0
6060,51.182,0,0,0,0,0
6090,54.6767,0,0,0,0,0
6120,57.5873,0,0,0,0,0
6150,60.0525,0,0,0,0,0
6180,62.0963,0,0,0,0,0
6210,63.8451,0,0,0,0,0
6240,65.32,0,0,0,0,0
6270,66.7618,0,0,0,0,0
6300,68.3962,0,0,0,0,0
6330,69.6996,0,0,0,0,0
6360,70.8554,0,0,0,0,0
6390,71.8969,0,0,0,0,0
6420,72.6132,0,0,0,0,0
6450,73.7781,0,0,0,0,0
6480,74.6751,0,0,0,0,0
6510,75.5359,0,0,0,0,0
6540,76.4149,0,0,0,0,0
6570,77.0018,0,0,0,0,0
6600,77.2998,0,0,0,0,0
6630,77.0199,0,0,0,0,0
6660,77.1613,0,0,0,0,0
6690,77.7363,0,0,0,0,0
6720,78.3292,0,0,0,0,0
6750,78.9041,0,0,0,0,0
6780,79.5031,0,0,0,0,0
6810,79.9245,0,0,0,0,0
6840,80.376,0,0,0,0,0
6870,80.8035,0,0,0,0,0
6900,81.2459,0,0,0,0,0
6930,81.5439,0,0,0,0,0
6960,81.9743,0,0,0,0,0
6990,83.4553,0,0,0,0,0
7020,84.6111,0,0,0,0,0
7050,85.49,0,0,0,0,0
7080,86.3629,0,0,0,0,0
7110,86.6549,0,0,0,0,0
7140,86.2154,0,0,0,0,0
7170,85.9505,0,0,0,0,0
7200,86.2275,0,0,0,0,0
7230,86.9619,0,0,0,0,0
7260,87.5248,0,0,0,0,0
7290,88.2532,0,0,0,0,0
7320,88.6897,0,0,0,0,0
7350,89.2766,0,0,0,0,0
7380,88.8462,0,0,0,0,0
7410,88.8251,0,0,0,0,0
7440,88.8341,0,0,0,0,0
7470,88.9274,0,0,0,0,0
7500,88.9876,0,0,0,0,0
7530,89.1351,0,0,0,0,0
7560,88.9816,0,0,0,0,0
7590,88.8432,0,0,0,0,0
7620,88.8341,0,0,0,0,0
7650,88.5512,0,0,0,0,0
7680,88.9816,0,0,0,0,0
7710,89.8605,0,0,0,0,0
7740,91.045,0,0,0,0,0
7770,90.7389,0,0,0,0,0
7800,91.0228,0,0,0,0,0
7830,91.4849,0,0,0,0,0
7860,91.1859,0,0,0,0,0
7890,91.0288,0,0,0,0,0
7920,91.0379,0,0,0,0,0
7950,91.0379,0,0,0,0,0
7980,90.8929,0,0,0,0,0
8010,90.8929,0,0,0,0,0
8040,91.0379,0,0,0,0,0
8070,90.8839,0,0,0,0,0
8100,90.7419,0,0,0,0,0
8130,90.7329,0,0,0,0,0
8160,91.1768,0,0,0,0,0
8190,91.3459,0,0,0,0,0
8220,91.1829,0,0,0,0,0
8250,91.1829,0,0,0,0,0
8280,91.0288,0,0,0,0,0
8310,91.0409,0,0,0,0,0
8340,91.0379,0,0,0,0,0
8370,91.0409,0,0,0,0,0
8400,90.745,0,0,0,0,0
8430,90.304,0,0,0,0,0
8460,90.0171,0,0,0,0,0
8490,90.0111,0,0,0,0,0
8520,90.0171,0,0,0,0,0
8550,90.0171,0,0,0,0,0
8580,90.0171,0,0,0,0,0
8610,90.0232,0,0,0,0,0
8640,90.0171,0,0,0,0,0
8670,90.0111,0,0,0,0,0
8700,90.1561,0,0,0,0,0
8730,90.304,0,0,0,0,0
8760,90.3101,0,0,0,0,0
8790,90.15,0,0,0,0,0
8820,90.3131,0,0,0,0,0
8850,90.3131,0,0,0,0,0
8880,90.455,0,0,0,0,0
8910,90.4671,0,0,0,0,0
8940,90.7419,0,0,0,0,0
8970,90.745,0,0,0,0,0
9000,89.4524,0,0,0,0,0
9030,88.1387,0,0,0,0,0
9060,86.819,0,0,0,0,0
9090,85.6321,0,0,0,0,0
9120,86.3599,0,0,0,0,0
9150,87.8276,0,0,0,0,0
9180,88.9873,0,0,0,0,0
9210,89.8601,0,0,0,0,0
9240,90.452,0,0,0,0,0
9270,90.7329,0,0,0,0,0
9300,90.606,0,0,0,0,0
9330,92.3637,0,0,0,0,0
9360,93.3724,0,0,0,0,0
9390,93.8193,0,0,0,0,0
9420,93.9673,0,0,0,0,0
9450,93.9733,0,0,0,0,0
9480,93.9733,0,0,0,0,0
9510,93.8314,0,0,0,0,0
9540,93.6744,0,0,0,0,0
9570,93.6774,0,0,0,0,0
9600,93.3784,0,0,0,0,0
9630,93.0794,0,0,0,0,0
9660,92.8046,0,0,0,0,0
9690,92.5056,0,0,0,0,0
9720,92.3546,0,0,0,0,0
9750,91.9046,0,0,0,0,0
9780,91.6238,0,0,0,0,0
9810,91.0319,0,0,0,0,0
9840,90.452,0,0,0,0,0
9870,89.2742,0,0,0,0,0
9900,87.7974,0,0,0,0,0
9930,88.6763,0,0,0,0,0
9960,88.8212,0,0,0,0,0
9990,87.6525,0,0,0,0,0
10020,85.7438,0,0,0,0,0
10050,83.0107,0,0,0,0,0
10080,80.939,0,0,0,0,0
10110,80.5072,0,0,0,0,0
10140,80.5102,0,0,0,0,0
10170,80.939,0,0,0,0,0
10200,81.5249,0,0,0,0,0
10230,82.1229,0,0,0,0,0
10260,82.7087,0,0,0,0,0
10290,83.1376,0,0,0,0,0
10320,83.5785,0,0,0,0,0
10350,83.8775,0,0,0,0,0
10380,84.3154,0,0,0,0,0
10410,84.7503,0,0,0,0,0
10440,85.0553,0,0,0,0,0
10470,85.3331,0,0,0,0,0
10500,85.4841,0,0,0,0,0
10530,85.7982,0,0,0,0,0
10560,85.9462,0,0,0,0,0
10590,85.9492,0,0,0,0,0
10620,86.2361,0,0,0,0,0
10650,86.3871,0,0,0,0,0
10680,86.677,0,0,0,0,0
10710,86.976,0,0,0,0,0
10740,87.2659,0,0,0,0,0
10770,87.4139,0,0,0,0,0
10800,87.2659,0,0,0,0,0
10830,86.372,0,0,0,0,0
10860,85.6381,0,0,0,0,0
10890,85.6381,0,0,0,0,0
10920,85.6381,0,0,0,0,0
10950,85.6381,0,0,0,0,0
10980,85.6381,0,0,0,0,0
11010,85.6381,0,0,0,0,0
11040,85.6381,0,0,0,0,0
11070,85.6381,0,0,0,0,0
11100,85.6381,0,0,0,0,0
11130,85.6381,0,0,0,0,0
11160,85.6381,0,0,0,0,0
11190,85.6381,0,0,0,0,0
11220,85.6381,0,0,0,0,0
11250,85.6381,0,0,0,0,0
11280,85.6381,0,0,0,0,0
11310,85.6381,0,0,0,0,0
11340,85.6381,0,0,0,0,0
11370,85.6381,0,0,0,0,0
11400,85.6381,0,0,0,0,0
11430,85.6381,0,0,0,0,0
11460,85.6381,0,0,0,0,0
11490,85.6381,0,0,0,0,0
11520,85.6381,0,0,0,0,0
11550,85.6381,0,0,0,0,0
11580,85.6381,0,0,0,0,0
11610,85.6381,0,0,0,0,0
11640,85.6381,0,0,0,0,0
11670,85.6381,0,0,0,0,0
11700,85.6381,0,0,0,0,0
11730,85.6381,0,0,0,0,0
11760,85.6381,0,0,0,0,0
11790,85.6381,0,0,0,0,0
11820,85.6381,0,0,0,0,0
11850,85.6381,0,0,0,0,0
11880,85.6381,0,0,0,0,0
11910,85.6381,0,0,0,0,0
11940,85.6381,0,0,0,0,0
11970,85.6381,0,0,0,0,0
12000,85.6381,0,0,0,0,0
12030,85.6381,0,0,0,0,0
12060,85.6381,0,0,0,0,0
12090,85.6381,0,0,0,0,0
12120,85.6381,0,0,0,0,0
12150,85.6381,0,0,0,0,0
12180,85.6381,0,0,0,0,0
12210,85.6381,0,0,0,0,0
12240,85.6381,0,0,0,0,0
12270,85.6381,0,0,0,0,0
12300,85.6381,0,0,0,0,0
12330,85.6381,0,0,0,0,0
12360,85.6381,0,0,0,0,0
12390,85.6381,0,0,0,0,0
12420,85.6381,0,0,0,0,0
12450,85.6381,0,0,0,0,0
12480,85.6381,0,0,0,0,0
12510,85.6381,0,0,0,0,0
12540,85.6381,0,0,0,0,0
12570,85.6381,0,0,0,0,0
12600,85.6381,0,0,0,0,0
12630,85.6381,0,0,0,0,0
12660,85.6381,0,0,0,0,0
12690,85.6381,0,0,0,0,0
12720,85.6381,0,0,0,0,0
12750,85.6381,0,0,0,0,0
12780,85.6381,0,0,0,0,0
12810,85.6381,0,0,0,0,0
12840,85.6381,0,0,0,0,0
12870,85.6381,0,0,0,0,0
12900,85.6381,0,0,0,0,0
12930,85.6381,0,0,0,0,0
12960,85.6381,0,0,0,0,0
12990,85.6381,0,0,0,0,0
13020,85.6381,0,0,0,0,0
13050,85.6381,0,0,0,0,0
13080,85.6381,0,0,0,0,0
13110,85.6381,0,0,0,0,0
13140,85.6381,0,0,0,0,0
13170,85.6381,0,0,0,0,0
13200,85.6381,0,0,0,0,0
13230,85.6381,0,0,0,0,0
13260,85.6381,0,0,0,0,0
13290,85.6381,0,0,0,0,0
13320,85.6381,0,0,0,0,0
13350,85.6381,0,0,0,0,0
13380,85.6381,0,0,0,0,0
13410,85.6381,0,0,0,0,0
13440,85.6381,0,0,0,0,0
13470,85.6381,0,0,0,0,0
13500,85.6381,0,0,0,0,0
13530,85.6381,0,0,0,0,0
13560,85.6381,0,0,0,0,0
13590,85.6381,0,0,0,0,0
13620,85.6381,0,0,0,0,0
13650,85.6381,0,0,0,0,0
13680,85.6381,0,0,0,0,0
13710,85.6381,0,0,0,0,0
13740,85.6381,0,0,0,0,0
13770,85.6381,0,0,0,0,0
13800,85.6381,0,0,0,0,0
13830,85.6381,0,0,0,0,0
13860,85.6381,0,0,0,0,0
13890,85.6381,0,0,0,0,0
13920,85.6381,0,0,0,0,0
13950,85.6381,0,0,0,0,0
13980,85.6381,0,0,0,0,0
14010,85.6381,0,0,0,0,0
14040,85.6381,0,0,0,0,0
14070,85.6381,0,0,0,0,0
14100,85.6381,0,0,0,0,0
14130,85.6381,0,0,0,0,0
14160,85.6381,0,0,0,0,0
14190,85.6381,0,0,0,0,0
14220,85.6381,0,0,0,0,0
14250,85.6381,0,0,0,0,0
14280,85.6381,0,0,0,0,0
14310,85.6381,0,0,0,0,0
14340,85.6381,0,0,0,0,0
14370,85.6381,0,0,0,0,0
14400,85.6381,0,0,0,0,0
14430,85.6381,0,0,0,0,0
14460,85.6381,0,0,0,0,0
14490,85.6381,0,0,0,0,0
14520,85.6381,0,0,0,0,0
14550,85.6381,0,0,0,0,0
14580,85.6381,0,0,0,0,0
14610,85.6381,0,0,0,0,0
14640,85.6381,0,0,0,0,0
14670,85.6381,0,0,0,0,0
14700,85.6381,0,0,0,0,0
14730,85.6381,0,0,0,0,0
14760,85.6381,0,0,0,0,0
14790,85.6381,0,0,0,0,0
14820,85.6381,0,0,0,0,0
14850,85.6381,0,0,0,0,0
14880,85.6381,0,0,0,0,0
14910,85.6381,0,0,0,0,0
14940,85.6381,0,0,0,0,0
14970,85.6381,0,0,0,0,0
15000,85.6381,0,0,0,0,0
15030,85.6381,0,0,0,0,0
15060,85.6381,0,0,0,0,0
15090,85.6381,0,0,0,0,0
15120,85.6381,0,0,0,0,0
15150,85.6381,0,0,0,0,0
15180,85.6381,0,0,0,0,0
15210,85.6381,0,0,0,0,0
15240,85.6381,0,0,0,0,0
15270,85.6381,0,0,0,0,0
15300,85.6381,0,0,0,0,0
15330,85.6381,0,0,0,0,0
15360,85.6381,0,0,0,0,0
15390,85.6381,0,0,0,0,0
15420,85.6381,0,0,0,0,0
15450,85.6381,0,0,0,0,0
15480,85.6381,0,0,0,0,0
15510,85.6381,0,0,0,0,0
15540,85.6381,0,0,0,0,0
15570,85.6381,0,0,0,0,0
15600,85.6381,0,0,0,0,0
15630,85.6381,0,0,0,0,0
15660,85.6381,0,0,0,0,0
15690,85.6381,0,0,0,0,0
15720,85.6381,0,0,0,0,0
15750,85.6381,0,0,0,0,0
15780,85.6381,0,0,0,0,0
15810,85.6381,0,0,0,0,0
15840,85.6381,0,0,0,0,0
15870,85.6381,0,0,0,0,0
15900,85.6381,0,0,0,0,0
15930,85.6381,0,0,0,0,0
15960,85.6381,0,0,0,0,0
15990,85.6381,0,0,0,0,0
16020,85.6381,0,0,0,0,0
16050,85.6381,0,0,0,0,0
16080,85.6381,0,0,0,0,0
16110,85.6381,0,0,0,0,0
16140,85.6381,0,0,0,0,0
16170,85.6381,0,0,0,0,0
16200,85.6381,0,0,0,0,0
16230,85.6381,0,0,0,0,0
16260,85.6381,0,0,0,0,0
16290,85.6381,0,0,0,0,0
16320,85.6381,0,0,0,0,0
16350,85.6381,0,0,0,0,0
16380,85.6381,0,0,0,0,0
16410,85.6381,0,0,0,0,0
16440,85.6381,0,0,0,0,0
16470,85.6381,0,0,0,0,0
16500,85.6381,0,0,0,0,0
16530,85.6381,0,0,0,0,0
16560,85.6381,0,0,0,0,0
16590,85.6381,0,0,0,0,0
16620,85.6381,0,0,0,0,0
16650,85.6381,0,0,0,0,0
16680,85.6381,0,0,0,0,0
16710,85.6381,0,0,0,0,0
16740,85.6381,0,0,0,0,0
16770,85.6381,0,0,0,0,0
16800,85.6381,0,0,0,0,0
16830,85.6381,0,0,0,0,0
16860,85.6381,0,0,0,0,0
16890,85.6381,0,0,0,0,0
16920,85.6381,0,0,0,0,0
16950,85.6381,0,0,0,0,0
16980,85.6381,0,0,0,0,0
17010,85.6381,0,0,0,0,0
17040,85.6381,0,0,0,0,0
17070,85.6381,0,0,0,0,0
17100,85.6381,0,0,0,0,0
17130,85.6381,0,0,0,0,0
17160,85.6381,0,0,0,0,0
17190,85.6381,0,0,0,0,0
17220,85.6381,0,0,0,0,0
17250,85.6381,0,0,0,0,0
17280,85.6381,0,0,0,0,0
17310,85.6381,0,0,0,0,0
17340,85.6381,0,0,0,0,0
17370,85.6381,0,0,0,0,0
17400,85.6381,0,0,0,0,0
17430,85.6381,0,0,0,0,0
17460,85.6381,0,0,0,0,0
17490,85.6381,0,0,0,0,0
17520,85.6381,0,0,0,0,0
17550,85.6381,0,0,0,0,0
17580,85.6381,0,0,0,0,0
17610,85.6381,0,0,0,0,0
17640,85.6381,0,0,0,0,0
17670,85.6381,0,0,0,0,0
17700,85.6381,0,0,0,0,0
17730,85.6381,0,0,0,0,0
17760,85.6381,0,0,0,0,0
17790,85.6381,0,0,0,0,0
17820,85.6381,0,0,0,0,0
17850,85.6381,0,0,0,0,0
17880,85.6381,0,0,0,0,0
17910,85.6381,0,0,0,0,0
17940,85.6381,0,0,0,0,0
17970,85.6381,0,0,0,0,0
18000,85.6381,0,0,0,0,0
18030,85.6381,0,0,0,0,0
18060,85.6381,0,0,0,0,0
18090,85.6381,0,0,0,0,0
18120,85.6381,0,0,0,0,0
18150,85.6381,0,0,0,0,0
18180,85.6381,0,0,0,0,0
18210,85.6381,0,0,0,0,0
18240,85.6381,0,0,0,0,0
18270,85.6381,0,0,0,0,0
18300,85.6381,0,0,0,0,0
18330,85.6381,0,0,0,0,0
18360,85.6381,0,0,0,0,0
18390,85.6381,0,0,0,0,0
18420,85.6381,0,0,0,0,0
18450,85.6381,0,0,0,0,0
18480,85.6381,0,0,0,0,0
18510,85.6381,0,0,0,0,0
18540,85.6381,0,0,0,0,0
18570,85.6381,0,0,0,0,0
18600,85.6381,0,0,0,0,0
18630,85.6381,0,0,0,0,0
18660,85.6381,0,0,0,0,0
18690,85.6381,0,0,0,0,0
18720,85.6381,0,0,0,0,0
18750,85.6381,0,0,0,0,0
18780,85.6381,0,0,0,0,0
18810,85.6381,0,0,0,0,0
18840,85.6381,0,0,0,0,0
18870,85.6381,0,0,0,0,0
18900,85.6381,0,0,0,0,0
18930,85.6381,0,0,0,0,0
18960,85.6381,0,0,0,0,0
18990,85.6381,0,0,0,0,0
19020,85.6381,0,0,0,0,0
19050,85.6381,0,0,0,0,0
19080,85.6381,0,0,0,0,0
19110,85.6381,0,0,0,0,0
19140,85.6381,0,0,0,0,0
19170,85.6381,0,0,0,0,0
19200,85.6381,0,0,0,0,0
19230,85.6381,0,0,0,0,0
19260,85.6381,0,0,0,0,0
19290,85.6381,0,0,0,0,0
19320,85.6381,0,0,0,0,0
19350,85.6381,0,0,0,0,0
19380,85.6381,0,0,0,0,0
19410,85.6381,0,0,0,0,0
19440,85.6381,0,0,0,0,0
19470,85.6381,0,0,0,0,0
19500,85.6381,0,0,0,0,0
19530,85.6381,0,0,0,0,0
19560,85.6381,0,0,0,0,0
19590,85.6381,0,0,0,0,0
19620,85.6381,0,0,0,0,0
19650,85.6381,0,0,0,0,0
19680,85.6381,0,0,0,0,0
19710,85.6381,0,0,0,0,0
19740,85.6381,0,0,0,0,0
19770,85.6381,0,0,0,0,0
19800,85.6381,0,0,0,0,0
19830,85.6381,0,0,0,0,0
19860,85.6381,0,0,0,0,0
19890,85.6381,0,0,0,0,0
19920,85.6381,0,0,0,0,0
19950,85.6381,0,0,0,0,0
19980,85.6381,0,0,0,0,0
20010,85.6381,0,0,0,0,0
20040,85.6381,0,0,0,0,0
20070,85.6381,0,0,0,0,0
20100,85.6381,0,0,0,0,0
20130,85.6381,0,0,0,0,0
20160,85.6381,0,0,0,0,0
20190,85.6381,0,0,0,0,0
20220,85.6381,0,0,0,0,0
20250,85.6381,0,0,0,0,0
20280,85.6381,0,0,0,0,0
20310,85.6381,0,0,0,0,0
20340,85.6381,0,0,0,0,0
20370,85.6381,0,0,0,0,0
20400,85.6381,0,0,0,0,0
20430,85.6381,0,0,0,0,0
20460,85.6381,0,0,0,0,0
20490,85.6381,0,0,0,0,0
20520,85.6381,0,0,0,0,0
20550,85.6381,0,0,0,0,0
20580,85.6381,0,0,0,0,0
20610,85.6381,0,0,0,0,0
20640,85.6381,0,0,0,0,0
20670,85.6381,0,0,0,0,0
20700,85.6381,0,0,0,0,0
20730,85.6381,0,0,0,0,0
20760,85.6381,0,0,0,0,0
20790,85.6381,0,0,0,0,0
20820,85.6381,0,0,0,0,0
20850,85.6381,0,0,0,0,0
20880,85.6381,0,0,0,0,0
20910,85.6381,0,0,0,0,0
20940,85.6381,0,0,0,0,0
20970,85.6381,0,0,0,0,0
21000,85.6381,0,0,0,0,0
21030,85.6381,0,0,0,0,0
21060,85.6381,0,0,0,0,0
21090,85.6381,0,0,0,0,0
21120,85.6381,0,0,0,0,0
21150,85.6381,0,0,0,0,0
21180,85.6381,0,0,0,0,0
21210,85.6381,0,0,0,0,0
21240,85.6381,0,0,0,0,0
21270,85.6381,0,0,0,0,0
21300,85.6381,0,0,0,0,0
21330,85.6381,0,0,0,0,0
21360,85.6381,0,0,0,0,0
21390,85.6381,0,0,0,0,0
21420,85.6381,0,0,0,0,0
21450,85.6381,0,0,0,0,0
21480,85.6381,0,0,0,0,0
21510,85.6381,0,0,0,0,0
21540,85.6381,0,0,0,0,0
21570,85.6381,0,0,0,0,0
21600,85.6381,0,0,0,0,0
21630,85.6381,0,0,0,0,0
21660,85.6381,0,0,0,0,0
21690,85.6381,0,0,0,0,0
21720,85.6381,0,0,0,0,0
21750,85.6381,0,0,0,0,0
21780,85.6381,0,0,0,0,0
21810,85.6381,0,0,0,0,0
21840,85.6381,0,0,0,0,0
21870,85.6381,0,0,0,0,0
