13.04.2019;13:05:38;61;0;0
13.04.2019;13:06:08;89;0;0
13.04.2019;13:06:38;121;0;0
13.04.2019;13:07:08;149;0;0
13.04.2019;13:07:38;181;0;0
13.04.2019;13:08:08;209;0;0
13.04.2019;13:08:38;241;0;0
13.04.2019;13:09:08;269;0;0
13.04.2019;13:09:38;301;0;0
13.04.2019;13:10:08;330;0;0
13.04.2019;13:10:38;358;0;0
13.04.2019;13:11:08;390;0;0
13.04.2019;13:11:38;418;0;0
13.04.2019;13:12:08;450;0;0
13.04.2019;13:12:38;478;0;0
13.04.2019;13:13:08;509;-24;0
13.04.2019;13:13:38;538;55.842;21.228
13.04.2019;13:14:08;570;56.985;19.776
13.04.2019;13:14:38;598;57.183;18.477
13.04.2019;13:15:08;630;56.6655;17.613
13.04.2019;13:15:38;658;57.0525;16.89
13.04.2019;13:16:08;690;58.1955;16.173
13.04.2019;13:16:38;718;57.921;15.585
13.04.2019;13:17:08;750;57.489;15.021
13.04.2019;13:17:38;778;56.7645;14.718
13.04.2019;13:18:08;810;58.443;14.433
13.04.2019;13:18:38;838;58.362;14.142
13.04.2019;13:19:08;870;58.83;13.86
13.04.2019;13:19:38;898;58.9335;13.719
13.04.2019;13:20:08;930;58.938;15.879
13.04.2019;13:20:38;958;58.1505;20.493
13.04.2019;13:21:08;990;58.6005;26.112
13.04.2019;13:21:38;1018;58.4115;31.74
13.04.2019;13:22:08;1050;58.731;36.675
13.04.2019;13:22:38;1078;59.4735;40.857
13.04.2019;13:23:08;1110;59.361;44.334
13.04.2019;13:23:38;1138;58.9065;47.076
13.04.2019;13:24:08;1170;58.695;49.551
13.04.2019;13:24:38;1198;58.6995;51.438
13.04.2019;13:25:08;1230;58.5375;50.43
13.04.2019;13:25:38;1258;58.4205;48.822
13.04.2019;13:26:08;1290;58.434;47.526
13.04.2019;13:26:38;1318;58.7805;47.241
13.04.2019;13:27:08;1350;59.4645;49.125
13.04.2019;13:27:38;1378;59.4735;51.45
13.04.2019;13:28:08;1410;58.9875;51.003
13.04.2019;13:28:38;1438;58.5465;49.857
13.04.2019;13:29:08;1470;58.6455;48.828
13.04.2019;13:29:38;1498;58.677;47.961
13.04.2019;13:30:08;1530;58.6905;47.538
13.04.2019;13:30:38;1558;58.695;49.413
13.04.2019;13:31:08;1590;58.4544;52.029
13.04.2019;13:31:38;1618;59.0347;52.167
13.04.2019;13:32:08;1650;12.1323;51.162
13.04.2019;13:32:38;1678;12.5227;49.995
13.04.2019;13:33:08;1710;60.268;48.972
13.04.2019;13:33:38;1738;59.2837;48.138
13.04.2019;13:34:08;1770;59.3982;48.3611
13.04.2019;13:34:38;1798;60.593;49.0936
13.04.2019;13:35:08;1830;60.3961;51.3032
13.04.2019;13:35:38;1858;59.5859;51.7488
13.04.2019;13:36:08;1890;59.4852;51.0041
13.04.2019;13:36:38;1918;60.4373;51.4588
13.04.2019;13:37:08;1950;60.7761;53.5311
13.04.2019;13:37:38;1978;59.769;55.8689
13.04.2019;13:38:08;2010;59.8148;57.932
13.04.2019;13:38:38;2038;59.8789;59.6716
13.04.2019;13:39:08;2070;59.856;61.0023
13.04.2019;13:39:38;2098;59.8697;60.9931
13.04.2019;13:40:08;2130;59.8972;59.6838
13.04.2019;13:40:38;2158;59.7598;58.6553
13.04.2019;13:41:08;2190;59.769;57.9381
13.04.2019;13:41:38;2218;60.5381;58.6675
13.04.2019;13:42:08;2250;61.1744;60.1294
13.04.2019;13:42:38;2278;60.2176;60.5841
13.04.2019;13:43:08;2310;60.2909;59.6869
13.04.2019;13:43:38;2338;60.1764;58.6645
13.04.2019;13:44:08;2370;58.7756;58.0785
13.04.2019;13:44:38;2398;59.7507;59.2565
13.04.2019;13:45:08;2430;61.1652;61.0023
13.04.2019;13:45:38;2458;61.3163;62.1956
13.04.2019;13:46:08;2490;60.7761;62.1925
13.04.2019;13:46:38;2518;59.0549;61.3044
13.04.2019;13:47:08;2550;58.8489;60.8649
13.04.2019;13:47:38;2579;60.0849;61.8934
13.04.2019;13:48:08;2611;60.2451;63.3645
13.04.2019;13:48:38;2640;60.1764;63.81
13.04.2019;13:49:08;2668;58.8855;62.928
13.04.2019;13:49:38;2700;60.1581;62.0491
13.04.2019;13:50:08;2728;61.2659;60.8741
13.04.2019;13:50:38;2760;60.831;59.693
13.04.2019;13:51:08;2788;60.2542;58.6767
13.04.2019;13:51:38;2820;59.3478;58.0938
13.04.2019;13:52:08;2848;58.6566;58.2433
13.04.2019;13:52:38;2880;60.2497;59.696
13.04.2019;13:53:08;2908;60.3046;61.6096
13.04.2019;13:53:38;2940;60.6205;62.1925
13.04.2019;13:54:08;2968;59.389;61.4662
13.04.2019;13:54:38;3000;59.1785;60.7245
13.04.2019;13:55:08;3028;59.8789;60.1416
13.04.2019;13:55:38;3060;60.2588;60.5841
13.04.2019;13:56:08;3088;60.6617;61.6126
13.04.2019;13:56:38;3120;60.7761;60.8741
13.04.2019;13:57:08;3148;59.7415;59.9951
13.04.2019;13:57:38;3180;59.2059;59.4061
13.04.2019;13:58:08;3208;60.1535;60.1386
13.04.2019;13:58:38;3240;60.2817;61.8965
13.04.2019;13:59:08;3269;60.4969;63.0745
13.04.2019;13:59:38;3300;59.2197;62.3482
13.04.2019;14:00:08;3329;60.0986;61.6096
13.04.2019;14:00:38;3361;60.4282;60.7245
13.04.2019;14:01:08;3389;61.1377;59.7021
13.04.2019;14:01:38;3420;60.2222;58.6767
13.04.2019;14:02:08;3448;60.3916;57.9503
13.04.2019;14:02:38;3480;59.3112;57.5078
13.04.2019;14:03:08;3509;60.1718;57.227
13.04.2019;14:03:38;3541;60.3366;56.7814
13.04.2019;14:04:08;3569;59.2425;56.6349
13.04.2019;14:04:38;3601;59.2151;57.0775
13.04.2019;14:05:08;3629;58.7756;58.2341
13.04.2019;14:05:38;3661;60.1398;59.696
13.04.2019;14:06:08;3689;60.1673;61.0114
13.04.2019;14:06:38;3721;60.3321;61.9026
13.04.2019;14:07:08;3749;60.3137;61.1701
13.04.2019;14:07:38;3781;59.0137;60.2881
13.04.2019;14:08:08;3809;60.1169;60.2881
13.04.2019;14:08:38;3841;61.3392;61.3227
13.04.2019;14:09:08;3869;60.9272;62.1956
13.04.2019;14:09:38;3901;60.7395;61.6218
13.04.2019;14:10:08;3929;59.5676;60.578
13.04.2019;14:10:38;3961;59.3753;59.9982
13.04.2019;14:11:08;3989;59.8468;60.285
13.04.2019;14:11:38;4021;60.3275;61.6157
13.04.2019;14:12:08;4049;60.4557;62.9311
13.04.2019;14:12:38;4081;59.9613;62.632
13.04.2019;14:13:08;4109;59.2151;61.7561
13.04.2019;14:13:38;4141;60.0665;61.1701
13.04.2019;14:14:08;4169;60.213;61.0236
13.04.2019;14:14:38;4201;60.419;62.0582
13.04.2019;14:15:08;4229;60.7532;61.3258
13.04.2019;14:15:38;4261;60.4099;60.4376
13.04.2019;14:16:08;4289;59.3433;59.8517
13.04.2019;14:16:38;4321;60.1352;59.9921
13.04.2019;14:17:08;4349;60.5381;61.3227
13.04.2019;14:17:38;4381;60.3549;62.6473
13.04.2019;14:18:08;4409;59.3478;62.1956
13.04.2019;14:18:38;4441;59.0457;61.6157
13.04.2019;14:19:08;4469;60.3824;61.6157
13.04.2019;14:19:38;4501;60.3595;62.7876
13.04.2019;14:20:08;4529;60.7807;62.2047
13.04.2019;14:20:38;4561;59.5584;61.3227
13.04.2019;14:21:08;4589;59.2242;61.631
13.04.2019;14:21:38;4621;60.1444;62.928
13.04.2019;14:22:08;4649;60.831;62.513
13.04.2019;14:22:38;4682;60.2954;61.3258
13.04.2019;14:23:08;4710;60.8402;60.2942
13.04.2019;14:23:38;4741;59.3387;59.5801
13.04.2019;14:24:08;4769;59.4165;59.2688
13.04.2019;14:24:38;4801;59.1556;60.7306
13.04.2019;14:25:08;4829;60.3275;62.928
13.04.2019;14:25:38;4861;60.6388;64.5517
13.04.2019;14:26:08;4890;59.2654;64.2678
13.04.2019;14:26:38;4922;59.183;63.5323
13.04.2019;14:27:08;4950;58.9679;62.6534
13.04.2019;14:27:38;4981;60.2451;61.9056
13.04.2019;14:28:08;5009;60.506;60.8771
13.04.2019;14:28:38;5042;60.3137;60.0043
13.04.2019;14:29:08;5070;59.4623;59.4122
13.04.2019;14:29:38;5102;60.0574;58.9605
13.04.2019;14:30:08;5130;60.5793;59.4061
13.04.2019;14:30:38;5162;61.2339;61.0297
13.04.2019;14:31:08;5190;60.6983;61.1793
13.04.2019;14:31:38;5222;60.3733;60.3034
13.04.2019;14:32:08;5250;59.3249;59.696
13.04.2019;14:32:38;5282;60.2954;59.5587
13.04.2019;14:33:08;5310;60.5472;61.1701
13.04.2019;14:33:38;5342;59.6545;61.9117
13.04.2019;14:34:08;5370;59.3158;61.4753
13.04.2019;14:34:38;5402;58.9267;61.6126
13.04.2019;14:35:08;5430;60.1261;63.5201
13.04.2019;14:35:38;5462;60.6708;65.4489
13.04.2019;14:36:08;5490;60.181;65.3024
13.04.2019;14:36:38;5522;59.3112;64.2709
13.04.2019;14:37:08;5550;59.5126;63.5293
13.04.2019;14:37:38;5582;60.3321;62.6534
13.04.2019;14:38:08;5610;60.7166;61.6249
13.04.2019;14:38:38;5642;60.6296;60.7428
13.04.2019;14:39:08;5670;60.8356;59.9921
13.04.2019;14:39:38;5702;59.6545;59.4244
13.04.2019;14:40:08;5730;59.0045;58.9697
13.04.2019;14:40:38;5762;60.387;58.9788
13.04.2019;14:41:08;5790;60.5426;60.7337
13.04.2019;14:41:38;5822;60.4923;61.6157
13.04.2019;14:42:08;5850;59.5081;61.0236
13.04.2019;14:42:38;5882;59.2746;60.3034
13.04.2019;14:43:08;5910;60.1535;59.9982
13.04.2019;14:43:38;5942;60.6617;61.3258
13.04.2019;14:44:08;5970;60.6937;62.2017
13.04.2019;14:44:38;6002;59.4394;61.4753
13.04.2019;14:45:08;6030;58.8672;60.8985
13.04.2019;14:45:38;6062;60.3412;60.3034
13.04.2019;14:46:08;6090;60.4419;61.4753
13.04.2019;14:46:38;6122;60.6021;62.2017
13.04.2019;14:47:08;6151;59.7049;61.6218
13.04.2019;14:47:38;6183;59.0594;60.8893
13.04.2019;14:48:08;6211;60.2863;60.2973
13.04.2019;14:48:38;6243;60.2909;61.6249
13.04.2019;14:49:08;6271;60.8402;62.9372
13.04.2019;14:49:38;6303;59.2288;62.2078
13.04.2019;14:50:08;6331;59.5721;61.7775
13.04.2019;14:50:38;6363;60.1718;63.3797
13.04.2019;14:51:08;6391;60.8356;65.2963
13.04.2019;14:51:38;6423;60.7761;66.4805
13.04.2019;14:52:08;6451;62.566;67.6616
13.04.2019;14:52:38;6483;66.9881;68.8549
13.04.2019;14:53:08;6511;69.0115;69.4439
13.04.2019;14:53:38;6543;69.7211;70.0421
13.04.2019;14:54:08;6571;69.3045;67.3717
13.04.2019;14:54:38;6603;69.277;64.5883
13.04.2019;14:55:08;6631;69.0436;62.3634
13.04.2019;14:55:38;6663;70.4215;60.4376
13.04.2019;14:56:08;6691;70.3574;58.7011
13.04.2019;14:56:38;6723;70.6;57.2392
13.04.2019;14:57:08;6751;70.0003;56.1985
13.04.2019;14:57:38;6783;70.0598;59.5892
13.04.2019;14:58:08;6811;70.481;63.5812
13.04.2019;14:58:38;6843;70.0736;65.7816
13.04.2019;14:59:08;6871;70.0644;64.6127
13.04.2019;14:59:38;6903;69.6982;63.1356
13.04.2019;15:00:08;6931;69.3365;61.808
13.04.2019;15:00:38;6963;70.2201;60.6269
13.04.2019;15:01:08;6991;70.3803;59.4427
13.04.2019;15:01:38;7023;70.4901;58.4112
13.04.2019;15:02:08;7051;69.0619;57.8099
13.04.2019;15:02:38;7083;70.3116;60.7612
13.04.2019;15:03:08;7111;71.7857;64.4632
13.04.2019;15:03:38;7143;71.6208;66.8223
13.04.2019;15:04:08;7171;71.099;65.3574
13.04.2019;15:04:38;7203;70.5497;64.0115
13.04.2019;15:05:08;7231;69.0344;62.9799
13.04.2019;15:05:38;7263;68.6499;62.2474
13.04.2019;15:06:08;7291;70.0553;61.6615
13.04.2019;15:06:38;7323;69.8721;60.6269
13.04.2019;15:07:08;7351;69.8767;59.8822
13.04.2019;15:07:38;7383;70.0919;59.0063
13.04.2019;15:08:08;7411;70.069;61.6676
13.04.2019;15:08:38;7443;69.4327;64.6219
13.04.2019;15:09:08;7471;69.2404;63.8528
13.04.2019;15:09:38;7503;70.8838;62.8578
13.04.2019;15:10:09;7531;71.0212;61.6737
13.04.2019;15:10:38;7563;70.2841;60.636
13.04.2019;15:11:08;7591;69.2129;60.0287
13.04.2019;15:11:38;7623;70.0324;61.6615
13.04.2019;15:12:08;7651;70.3711;62.9799
13.04.2019;15:12:38;7683;69.8859;62.2444
13.04.2019;15:13:08;7711;69.1992;61.5119
13.04.2019;15:13:38;7743;70.0461;60.7703
13.04.2019;15:14:08;7771;71.0303;59.8822
13.04.2019;15:14:38;7804;71.0029;59.0063
13.04.2019;15:15:08;7831;70.3162;58.1151
13.04.2019;15:15:38;7863;69.5013;59.0063
13.04.2019;15:16:08;7892;69.1397;62.6839
13.04.2019;15:16:38;7923;70.4215;66.2394
13.04.2019;15:17:08;7951;70.3116;66.5263
13.04.2019;15:17:38;7984;70.6046;65.0552
13.04.2019;15:18:08;8012;69.3823;63.8772
13.04.2019;15:18:38;8044;69.4235;63.2821
13.04.2019;15:19:08;8072;69.5792;62.5496
13.04.2019;15:19:38;8104;70.1972;61.6645
13.04.2019;15:20:08;8132;70.5634;60.6299
13.04.2019;15:20:38;8164;70.0324;59.8883
13.04.2019;15:21:08;8192;69.2313;59.3084
13.04.2019;15:21:38;8224;70.0324;60.6269
13.04.2019;15:22:08;8252;69.9866;64.5761
13.04.2019;15:22:38;8284;70.4077;67.3991
13.04.2019;15:23:08;8312;70.6183;66.5324
13.04.2019;15:23:38;8344;69.5242;65.336
13.04.2019;15:24:08;8372;69.332;64.4479
13.04.2019;15:24:38;8404;70.481;63.5812
13.04.2019;15:25:08;8432;70.275;62.5587
13.04.2019;15:25:38;8464;70.0827;61.518
13.04.2019;15:26:08;8492;70.101;60.6452
13.04.2019;15:26:38;8524;70.2841;59.8913
13.04.2019;15:27:08;8552;70.5588;59.1558
13.04.2019;15:27:38;8584;69.0985;58.5546
13.04.2019;15:28:08;8612;69.1397;59.0063
13.04.2019;15:28:38;8644;70.3116;63.1356
13.04.2019;15:29:08;8672;70.1972;66.8193
13.04.2019;15:29:38;8704;70.5634;67.4083
13.04.2019;15:30:08;8732;69.5242;65.925
13.04.2019;15:30:38;8764;69.3228;64.9087
13.04.2019;15:31:08;8792;70.4856;64.1671
13.04.2019;15:31:38;8824;70.5588;62.9891
13.04.2019;15:32:08;8852;70.5542;62.2474
13.04.2019;15:32:38;8884;69.5334;61.5211
13.04.2019;15:33:08;8912;69.6021;60.926
13.04.2019;15:33:38;8944;70.1468;60.1813
13.04.2019;15:34:08;8972;70.4123;59.3176
13.04.2019;15:34:38;9004;70.6916;58.7072
13.04.2019;15:35:08;9032;69.1397;58.1182
13.04.2019;15:35:38;9064;69.7028;58.109
13.04.2019;15:36:08;9092;70.4993;61.9453
13.04.2019;15:36:38;9124;70.719;65.4825
13.04.2019;15:37:08;9152;70.6092;66.5385
13.04.2019;15:37:38;9184;69.8538;65.1926
13.04.2019;15:38:08;9212;69.5197;64.1824
13.04.2019;15:38:38;9244;69.2175;63.4316
13.04.2019;15:39:08;9272;70.5313;62.7052
13.04.2019;15:39:38;9304;70.1743;61.6676
13.04.2019;15:40:08;9332;70.6366;60.7764
13.04.2019;15:40:38;9364;69.2038;60.0378
13.04.2019;15:41:08;9392;69.2358;60.3339
13.04.2019;15:41:38;9424;69.364;64.454
13.04.2019;15:42:08;9452;70.2475;67.9912
13.04.2019;15:42:38;9484;69.9912;68.156
13.04.2019;15:43:08;9512;70.4764;66.511
13.04.2019;15:43:38;9540;69.5654;65.3543
13.04.2019;15:44:08;9572;69.7348;64.454
13.04.2019;15:44:38;9604;69.2862;63.5842
13.04.2019;15:45:08;9632;70.6824;62.8487
13.04.2019;15:45:38;9664;70.632;61.9545
13.04.2019;15:46:08;9693;69.3732;61.0663
13.04.2019;15:46:38;9724;69.3091;60.6299
13.04.2019;15:47:08;9752;70.0278;60.0348
13.04.2019;15:47:38;9784;70.0965;62.4
13.04.2019;15:48:08;9812;70.5405;65.0674
13.04.2019;15:48:38;9844;70.4306;64.0481
13.04.2019;15:49:08;9872;69.4052;63.1295
13.04.2019;15:49:38;9904;69.0619;62.2566
13.04.2019;15:50:08;9933;70.4261;61.6676
13.04.2019;15:50:38;9965;70.4993;60.6391
13.04.2019;15:51:08;9993;70.1102;59.7357
13.04.2019;15:51:38;10025;70.5954;59.0093
13.04.2019;15:52:08;10053;69.245;58.4203
13.04.2019;15:52:38;10085;68.9154;59.7357
13.04.2019;15:53:08;10113;70.3711;64.1641
13.04.2019;15:53:38;10144;70.2429;67.5487
13.04.2019;15:54:08;10173;70.6229;69.3127
13.04.2019;15:54:38;10205;74.4682;71.9557
13.04.2019;15:55:08;10233;77.9153;74.1805
13.04.2019;15:55:38;10265;79.5541;75.2182
13.04.2019;15:56:08;10293;79.3893;75.8133
13.04.2019;15:56:38;10325;79.8105;76.7076
13.04.2019;15:57:08;10353;79.0002;77.7483
13.04.2019;15:57:38;10384;81.0053;78.4807
13.04.2019;15:58:08;10413;80.5292;79.082
13.04.2019;15:58:38;10445;80.5887;78.7798
13.04.2019;15:59:08;10473;80.9137;76.0026
13.04.2019;15:59:38;10505;80.3507;75.2487
13.04.2019;16:00:08;10533;78.927;77.0189
13.04.2019;16:00:38;10565;80.3736;78.7981
13.04.2019;16:01:08;10593;79.7418;79.9731
13.04.2019;16:01:38;10625;80.9733;80.8521
13.04.2019;16:02:08;10653;80.5109;81.0078
13.04.2019;16:02:38;10685;80.0577;78.8012
13.04.2019;16:03:08;10713;79.3344;78.0809
13.04.2019;16:03:38;10745;80.8954;79.3933
13.04.2019;16:04:08;10773;80.7718;80.727
13.04.2019;16:04:38;10805;79.7739;80.1288
13.04.2019;16:05:08;10833;79.8837;78.6669
13.04.2019;16:05:38;10865;80.0211;79.5337
13.04.2019;16:06:08;10893;82.8181;81.0169
13.04.2019;16:06:38;10925;86.8237;81.5998
13.04.2019;16:07:08;10953;88.7509;81.0291
13.04.2019;16:07:38;10985;88.3389;80.4614
13.04.2019;16:08:08;11013;89.0668;80.0311
13.04.2019;16:08:38;11045;88.4808;79.7351
13.04.2019;16:09:08;11073;89.9869;79.7259
13.04.2019;16:09:38;11105;90.0601;79.4299
13.04.2019;16:10:08;11133;90.7651;79.4146
13.04.2019;16:10:38;11165;90.0647;77.6415
13.04.2019;16:11:08;11193;90.083;75.4166
13.04.2019;16:11:38;11225;89.7305;73.6556
13.04.2019;16:12:08;11253;89.465;72.6058
13.04.2019;16:12:38;11285;89.6802;71.7329
13.04.2019;16:13:08;11313;89.552;71.1317
13.04.2019;16:13:38;11345;90.4447;71.7329
13.04.2019;16:14:08;11373;90.7239;72.6088
13.04.2019;16:14:38;11405;90.0601;73.3321
13.04.2019;16:15:08;11433;90.1837;74.5285
13.04.2019;16:15:38;11465;89.9411;74.675
13.04.2019;16:16:08;11493;89.1995;74.6811
13.04.2019;16:16:38;11525;90.1792;75.8622
13.04.2019;16:17:08;11553;89.6893;77.9314
13.04.2019;16:17:38;11585;90.0556;79.5703
13.04.2019;16:18:08;11613;90.5362;81.0383
13.04.2019;16:18:38;11645;90.1151;82.2438
13.04.2019;16:19:08;11673;91.0993;83.2784
13.04.2019;16:19:38;11705;91.699;83.1441
13.04.2019;16:20:08;11733;90.6644;83.2937
13.04.2019;16:20:38;11765;90.3165;84.4748
13.04.2019;16:21:08;11793;90.1471;85.5033
13.04.2019;16:21:38;11825;90.2845;86.2327
13.04.2019;16:22:08;11853;90.2249;87.1208
13.04.2019;16:22:38;11885;90.0968;87.8624
13.04.2019;16:23:08;11913;89.108;88.4484
13.04.2019;16:23:38;11945;89.1217;88.9031
13.04.2019;16:24:08;11973;90.5637;88.4484
13.04.2019;16:24:38;12006;91.1268;88.3233
13.04.2019;16:25:08;12033;90.3943;86.8614
13.04.2019;16:25:38;12066;90.5454;86.7118
13.04.2019;16:26:08;12094;90.4355;87.7312
13.04.2019;16:26:38;12126;89.1125;88.1768
13.04.2019;16:27:08;12154;89.671;87.899
13.04.2019;16:27:38;12186;90.4859;88.0547
13.04.2019;16:28:08;12214;90.2753;88.0486
13.04.2019;16:28:38;12246;89.9091;88.0486
13.04.2019;16:29:08;12274;89.9686;88.189
13.04.2019;16:29:38;12306;89.7946;88.4759
13.04.2019;16:30:08;12334;89.2636;88.6193
13.04.2019;16:30:38;12365;89.2911;88.7597
13.04.2019;16:31:08;12394;89.9594;89.2205
13.04.2019;16:31:38;12426;89.5932;89.2114
13.04.2019;16:32:08;12454;89.4925;89.3548
13.04.2019;16:32:38;12486;90.4218;89.3548
13.04.2019;16:33:08;12514;90.6964;89.3457
13.04.2019;16:33:38;12546;89.8496;88.7566
13.04.2019;16:34:08;12574;90.0464;88.1737
13.04.2019;16:34:38;12606;89.9365;88.4575
13.04.2019;16:35:08;12634;89.9182;88.6193
13.04.2019;16:35:38;12666;89.8908;88.7597
13.04.2019;16:36:08;12694;89.9182;88.9153
13.04.2019;16:36:38;12726;89.9228;89.0649
13.04.2019;16:37:08;12754;90.0418;89.2053
13.04.2019;16:37:38;12786;89.964;89.3579
13.04.2019;16:38:08;12814;90.0006;89.4952
13.04.2019;16:38:38;12846;89.9411;89.6295
13.04.2019;16:39:08;12874;90.0372;89.7912
13.04.2019;16:39:38;12906;89.0805;89.7943
13.04.2019;16:40:08;12934;89.5016;89.7973
13.04.2019;16:40:38;12966;90.051;89.9408
13.04.2019;16:41:08;12994;91.0123;90.0842
13.04.2019;16:41:38;13026;91.1405;89.5044
13.04.2019;16:42:08;13054;90.8201;87.8838
13.04.2019;16:42:38;13086;90.1837;87.0018
13.04.2019;16:43:08;13114;90.1334;87.2948
13.04.2019;16:43:38;13146;89.9091;87.7312
13.04.2019;16:44:08;13174;88.9157;87.8929
13.04.2019;16:44:38;13206;89.8587;88.3294
13.04.2019;16:45:08;13234;89.5383;88.4697
13.04.2019;16:45:38;13266;90.7193;88.7658
13.04.2019;16:46:08;13294;90.2707;88.7688
13.04.2019;16:46:38;13326;89.9823;88.7658
13.04.2019;16:47:08;13354;89.8129;88.7658
13.04.2019;16:47:38;13386;90.0052;88.3324
13.04.2019;16:48:08;13414;90.1013;88.1829
13.04.2019;16:48:38;13446;90.0144;88.1737
13.04.2019;16:49:08;13474;89.9411;88.4575
13.04.2019;16:49:38;13506;89.8725;88.6193
13.04.2019;16:50:08;13534;89.8541;88.9092
13.04.2019;16:50:38;13566;89.8862;89.2205
13.04.2019;16:51:08;13594;89.9274;89.367
13.04.2019;16:51:38;13626;89.8816;90.3833
13.04.2019;16:52:08;13654;89.5978;91.1219
13.04.2019;16:52:38;13686;90.4859;91.5705
13.04.2019;16:53:08;13714;90.6598;92.01
13.04.2019;16:53:38;13746;90.1608;92.4525
13.04.2019;16:54:08;13774;90.1013;92.5868
13.04.2019;16:54:38;13806;90.0922;92.1504
13.04.2019;16:55:08;13834;90.756;92.01
13.04.2019;16:55:38;13866;89.7168;92.01
13.04.2019;16:56:08;13894;90.1746;92.0131
13.04.2019;16:56:38;13926;89.8313;92.4586
13.04.2019;16:57:08;13954;89.9411;92.1687
13.04.2019;16:57:38;13986;90.1975;92.1718
13.04.2019;16:58:08;14014;90.1059;92.892
13.04.2019;16:58:38;14046;90.0556;93.3529
13.04.2019;16:59:08;14074;89.8221;93.6397
13.04.2019;16:59:38;14107;89.2407;93.3498
13.04.2019;17:00:08;14134;88.9798;93.3315
13.04.2019;17:00:38;14166;89.1537;93.362
13.04.2019;17:01:08;14194;90.1196;93.3437
13.04.2019;17:01:38;14226;90.1975;93.3437
13.04.2019;17:02:08;14254;89.9182;93.3376
13.04.2019;17:02:38;14286;91.081;93.7862
13.04.2019;17:03:08;14314;91.1771;94.2227
13.04.2019;17:03:38;14342;90.4538;92.8981
13.04.2019;17:04:08;14375;90.2524;92.4617
13.04.2019;17:04:38;14406;90.0922;92.9042
13.04.2019;17:05:08;14435;90.0968;93.4963
13.04.2019;17:05:38;14467;89.0851;93.2033
13.04.2019;17:06:08;14495;89.1492;93.3498
13.04.2019;17:06:38;14527;89.8221;93.3529
13.04.2019;17:07:08;14555;90.1151;94.0853
13.04.2019;17:07:38;14587;90.1151;93.6489
15.04.2019;14:30:53;4721;0;0
15.04.2019;14:31:23;4749;0;0
15.04.2019;15:01:46;63;0;0
15.04.2019;15:02:16;91;0;0
15.04.2019;15:02:46;123;0;0
15.04.2019;15:03:16;151;0;0
15.04.2019;15:03:46;183;0;0
15.04.2019;15:04:16;211;0;0
15.04.2019;15:04:46;239;0;0
15.04.2019;15:05:16;271;-48.5;0
15.04.2019;15:05:46;303;30.448;71.88
15.04.2019;15:06:16;331;30.475;72.891
15.04.2019;15:06:46;363;30.457;73.779
15.04.2019;15:07:16;391;30.376;74.499
15.04.2019;15:07:46;423;29.9935;75.378
15.04.2019;15:08:16;451;29.7685;76.104
15.04.2019;15:08:46;483;29.449;76.686
15.04.2019;15:09:16;511;29.134;77.265
15.04.2019;15:09:46;543;29.071;77.703
15.04.2019;15:10:16;571;28.945;78.291
15.04.2019;15:10:46;603;28.909;78.735
15.04.2019;15:11:16;631;28.918;79.173
15.04.2019;15:11:46;663;28.9045;79.458
15.04.2019;15:12:16;691;28.846;79.896
15.04.2019;15:12:46;723;28.828;80.202
15.04.2019;15:13:16;751;28.801;80.469
15.04.2019;15:13:46;783;28.7425;80.622
15.04.2019;15:14:16;811;28.738;80.928
15.04.2019;15:14:46;843;28.6435;81.21
15.04.2019;15:15:16;871;28.603;81.363
15.04.2019;15:15:46;903;28.693;81.486
15.04.2019;15:16:16;931;28.72;81.801
15.04.2019;15:16:46;963;28.828;81.951
15.04.2019;15:17:16;991;28.783;82.233
15.04.2019;15:17:46;1023;28.8145;82.239
15.04.2019;15:18:16;1051;28.9135;82.386
15.04.2019;15:18:46;1083;29.0395;82.533
15.04.2019;15:19:16;1111;29.08;82.668
15.04.2019;15:19:46;1139;29.1385;82.809
15.04.2019;15:20:16;1171;29.125;82.818
15.04.2019;15:20:46;1203;29.17;82.974
15.04.2019;15:21:16;1231;29.179;83.106
15.04.2019;15:21:46;1259;29.1835;83.109
15.04.2019;15:22:16;1291;29.17;83.256
15.04.2019;15:22:46;1323;29.1835;83.403
15.04.2019;15:23:16;1351;29.1925;83.409
15.04.2019;15:23:46;1383;29.197;83.415
15.04.2019;15:24:16;1411;29.197;83.553
15.04.2019;15:24:46;1439;29.188;83.685
15.04.2019;15:25:16;1471;29.2735;83.688
15.04.2019;15:25:46;1503;29.2825;83.688
15.04.2019;15:26:16;1531;29.2915;83.685
15.04.2019;15:26:46;1559;29.359;83.829
15.04.2019;15:27:16;1591;29.35;83.976
15.04.2019;15:27:46;1623;29.3365;84.129
15.04.2019;15:28:16;1651;29.3635;84.138
15.04.2019;15:28:46;1683;29.2375;84.135
15.04.2019;15:29:16;1711;29.215;84.138
15.04.2019;15:29:46;1739;29.035;84.135
15.04.2019;15:30:16;1771;28.8505;84.276
15.04.2019;15:30:46;1799;28.513;84.423
15.04.2019;15:31:16;1831;28.459;84.429
15.04.2019;15:31:46;1859;28.279;84.423
15.04.2019;15:32:16;1891;28.3915;84.429
15.04.2019;15:32:46;1919;28.441;84.429
15.04.2019;15:33:16;1951;28.3555;84.582
15.04.2019;15:33:46;1983;28.783;84.573
15.04.2019;15:34:16;2011;28.774;84.576
15.04.2019;15:34:46;2043;28.639;84.567
15.04.2019;15:35:16;2071;28.3285;84.567
15.04.2019;15:35:46;2103;28.7875;84.72
15.04.2019;15:36:16;2131;28.8595;84.72
15.04.2019;15:36:46;2163;28.9585;84.717
15.04.2019;15:37:16;2191;28.8865;84.576
15.04.2019;15:37:46;2223;28.864;84.576
15.04.2019;15:38:16;2251;28.738;84.423
15.04.2019;15:38:46;2279;28.3555;84.435
15.04.2019;15:39:16;2311;28.1035;84.423
15.04.2019;15:39:46;2343;28.783;84.582
15.04.2019;15:40:16;2371;28.81;84.582
15.04.2019;15:40:46;2403;28.819;84.582
15.04.2019;15:41:16;2431;28.828;84.429
15.04.2019;15:41:46;2463;30.187;85.146
15.04.2019;15:42:16;2491;33.5845;86.898
15.04.2019;15:42:46;2523;37.9675;86.172
15.04.2019;15:43:16;2551;39.1915;81.804
15.04.2019;15:43:46;2579;38.296;77.589
15.04.2019;15:44:16;2611;38.5885;74.808
15.04.2019;15:44:46;2643;39.673;72.633
15.04.2019;15:45:16;2671;39.3265;70.584
15.04.2019;15:45:46;2703;39.7495;69.141
15.04.2019;15:46:16;2731;39.016;68.406
15.04.2019;15:46:46;2763;38.674;67.821
15.04.2019;15:47:16;2791;38.7595;67.521
15.04.2019;15:47:46;2823;37.648;67.245
15.04.2019;15:48:16;2851;37.738;67.377
15.04.2019;15:48:46;2879;39.1825;67.383
15.04.2019;15:49:16;2911;39.3535;67.251
15.04.2019;15:49:46;2939;39.7225;66.954
15.04.2019;15:50:16;2971;39.061;66.795
15.04.2019;15:50:46;3003;39.1555;67.098
15.04.2019;15:51:16;3031;39.142;67.377
15.04.2019;15:51:46;3063;37.747;67.521
15.04.2019;15:52:16;3091;38.17;68.109
15.04.2019;15:52:46;3123;38.7505;68.544
15.04.2019;15:53:16;3151;38.62;68.535
15.04.2019;15:53:46;3183;39.142;68.403
15.04.2019;15:54:16;3211;38.1205;68.544
15.04.2019;15:54:46;3239;38.5525;68.688
15.04.2019;15:55:16;3271;38.0935;69.132
15.04.2019;15:55:46;3303;38.1025;69.273
15.04.2019;15:56:16;3331;38.4985;69.426
15.04.2019;15:56:46;3359;37.774;69.702
15.04.2019;15:57:16;3391;37.63;70.146
15.04.2019;15:57:46;3423;41.005;70.869
15.04.2019;15:58:16;3451;44.335;69.996
15.04.2019;15:58:46;3483;47.134;67.242
15.04.2019;15:59:16;3511;47.6965;64.338
15.04.2019;15:59:46;3539;48.0025;62.145
15.04.2019;16:00:16;3571;48.0835;60.564
15.04.2019;16:00:46;3603;46.4725;45.21
15.04.2019;16:01:16;3631;45.883;33.363
15.04.2019;16:01:46;3659;49.1815;37.704
15.04.2019;16:02:16;3691;49.969;41.304
15.04.2019;16:02:46;3723;50.2615;43.194
15.04.2019;16:03:16;3751;49.834;44.487
15.04.2019;16:03:46;3783;47.9035;45.636
15.04.2019;16:04:16;3811;48.448;46.779
15.04.2019;16:04:46;3843;48.313;47.79
15.04.2019;16:05:16;3872;47.8495;48.789
15.04.2019;16:05:46;3900;47.2825;49.695
15.04.2019;16:06:16;3932;48.3175;50.391
15.04.2019;16:06:46;3960;48.6685;50.97
15.04.2019;16:07:16;3992;48.7945;51.411
15.04.2019;16:07:46;4020;47.647;51.99
15.04.2019;16:08:16;4052;48.43;52.569
15.04.2019;16:08:46;4080;49.0555;53.01
15.04.2019;16:09:16;4112;49.294;53.286
15.04.2019;16:09:46;4140;48.4075;53.571
15.04.2019;16:10:16;4172;47.962;54.009
15.04.2019;16:10:46;4202;47.7775;54.45
15.04.2019;16:11:16;4233;51.9535;54.888
15.04.2019;16:11:46;4261;55.684;55.179
15.04.2019;16:12:16;4289;60.2335;57.354
15.04.2019;16:12:46;4321;63.631;60.114
15.04.2019;16:13:16;4353;68.1777;60.7478
15.04.2019;16:13:46;4381;70.6085;62.3431
15.04.2019;16:14:16;4413;74.2295;65.5548
15.04.2019;16:14:46;4441;78.0656;67.4571
15.04.2019;16:15:16;4469;81.9933;68.1825
15.04.2019;16:15:46;4502;83.8931;68.3451
15.04.2019;16:16:16;4530;85.5594;64.8986
15.04.2019;16:16:46;4562;85.3214;58.9147
15.04.2019;16:17:16;4594;86.9831;54.1288
15.04.2019;16:17:46;4622;87.7613;50.9172
15.04.2019;16:18:16;4653;87.3081;53.2288
15.04.2019;16:18:46;4681;87.7842;55.989
15.04.2019;16:19:16;4714;88.4342;57.7378
15.04.2019;16:19:46;4741;87.4821;54.9746
15.04.2019;16:20:16;4769;88.7959;52.2175
15.04.2019;16:20:46;4802;89.011;51.1881
15.04.2019;16:21:16;4830;89.0019;53.8068
15.04.2019;16:21:46;4862;88.9332;56.7174
15.04.2019;16:22:16;4890;88.8783;57.4519
15.04.2019;16:22:46;4922;89.1346;55.2696
15.04.2019;16:23:16;4950;88.5304;53.3673
15.04.2019;16:23:46;4982;88.5441;51.9255
15.04.2019;16:24:16;5014;89.4413;51.3416
15.04.2019;16:24:46;5042;89.6245;54.0957
15.04.2019;16:25:16;5074;88.5487;55.7001
15.04.2019;16:25:46;5102;88.6723;54.2432
15.04.2019;16:26:16;5134;89.9632;52.7954
15.04.2019;16:26:46;5162;89.2765;51.6245
15.04.2019;16:27:16;5194;89.4597;50.7486
15.04.2019;16:27:46;5222;88.9927;50.0262
15.04.2019;16:28:16;5254;89.6107;49.2887
15.04.2019;16:28:46;5282;89.7114;51.179
15.04.2019;16:29:16;5310;88.7089;54.1078
15.04.2019;16:29:46;5342;89.9128;53.6502
15.04.2019;16:30:16;5370;90.659;52.3559
15.04.2019;16:30:46;5402;89.6977;51.3265
15.04.2019;16:31:16;5434;88.5716;50.6101
15.04.2019;16:31:46;5462;89.4825;52.9339
15.04.2019;16:32:16;5490;90.4713;55.8325
15.04.2019;16:32:46;5522;89.7389;55.1191
15.04.2019;16:33:16;5550;90.1509;53.9512
15.04.2019;16:33:46;5583;88.5807;53.0753
15.04.2019;16:34:16;5610;89.5787;52.3469
15.04.2019;16:34:46;5643;90.6728;51.6245
15.04.2019;16:35:16;5670;90.0868;50.8871
15.04.2019;16:35:46;5703;88.6219;50.3001
15.04.2019;16:36:16;5730;89.5787;52.061
15.04.2019;16:36:46;5762;89.7892;55.2606
15.04.2019;16:37:16;5791;89.51;54.9656
15.04.2019;16:37:46;5822;89.8488;53.7917
15.04.2019;16:38:16;5850;89.9586;52.7864
15.04.2019;16:38:46;5883;89.9266;52.061
15.04.2019;16:39:16;5911;89.9174;51.3265
15.04.2019;16:39:46;5943;89.304;50.7396
15.04.2019;16:40:16;5971;90.009;50.3031
15.04.2019;16:40:46;6002;89.9815;49.7312
15.04.2019;16:41:16;6030;89.9678;49.1352
15.04.2019;16:41:46;6062;89.1072;48.6988
15.04.2019;16:42:16;6090;89.7664;51.182
15.04.2019;16:42:46;6123;89.9952;54.6767
15.04.2019;16:43:16;6151;89.4185;57.5873
15.04.2019;16:43:46;6182;88.6814;60.0525
15.04.2019;16:44:16;6211;89.8213;62.0963
15.04.2019;16:44:46;6243;90.0777;63.8451
15.04.2019;16:45:16;6271;90.4622;65.32
15.04.2019;16:45:46;6303;89.9037;66.7618
15.04.2019;16:46:16;6331;89.7572;68.3962
15.04.2019;16:46:46;6363;89.478;69.6996
15.04.2019;16:47:16;6391;90.6956;70.8554
15.04.2019;16:47:46;6423;91.1946;71.8969
15.04.2019;16:48:16;6451;90.6087;72.6132
15.04.2019;16:48:46;6483;89.7892;73.7781
15.04.2019;16:49:16;6511;89.6016;74.6751
15.04.2019;16:49:46;6543;90.5308;75.5359
15.04.2019;16:50:16;6571;89.6153;76.4149
15.04.2019;16:50:46;6603;90.009;77.0018
15.04.2019;16:51:16;6631;89.9907;77.2998
15.04.2019;16:51:46;6663;89.9998;77.0199
15.04.2019;16:52:16;6691;90.0044;77.1613
15.04.2019;16:52:46;6723;89.9998;77.7363
15.04.2019;16:53:16;6751;89.9724;78.3292
15.04.2019;16:53:46;6783;89.954;78.9041
15.04.2019;16:54:16;6811;89.9998;79.5031
15.04.2019;16:54:46;6843;90.1417;79.9245
15.04.2019;16:55:16;6871;90.1417;80.376
15.04.2019;16:55:46;6903;90.1417;80.8035
15.04.2019;16:56:16;6931;90.1417;81.2459
15.04.2019;16:56:46;6963;90.16;81.5439
15.04.2019;16:57:16;6991;89.6656;81.9743
15.04.2019;16:57:46;7023;90.1372;83.4553
15.04.2019;16:58:16;7051;89.9724;84.6111
15.04.2019;16:58:46;7083;89.9861;85.49
15.04.2019;16:59:16;7111;89.5283;86.3629
15.04.2019;16:59:46;7143;90.5812;86.6549
15.04.2019;17:00:16;7171;91.657;86.2154
15.04.2019;17:00:46;7203;90.9154;85.9505
15.04.2019;17:01:16;7231;91.2175;86.2275
15.04.2019;17:01:46;7263;90.714;86.9619
15.04.2019;17:02:16;7291;90.1097;87.5248
15.04.2019;17:02:46;7323;90.247;88.2532
15.04.2019;17:03:16;7351;90.128;88.6897
15.04.2019;17:03:46;7383;90.1189;89.2766
15.04.2019;17:04:16;7411;89.217;88.8462
15.04.2019;17:04:46;7443;90.0319;88.8251
15.04.2019;17:05:16;7471;89.8671;88.8341
15.04.2019;17:05:46;7503;88.8645;88.9274
15.04.2019;17:06:16;7531;88.9469;88.9876
15.04.2019;17:06:46;7563;89.5924;89.1351
15.04.2019;17:07:16;7591;89.5421;88.9816
15.04.2019;17:07:46;7623;90.4439;88.8432
15.04.2019;17:08:16;7652;90.6773;88.8341
15.04.2019;17:08:46;7683;89.597;88.5512
15.04.2019;17:09:16;7712;89.5741;88.9816
15.04.2019;17:09:46;7743;90.2974;89.8605
15.04.2019;17:10:16;7771;90.5034;91.045
15.04.2019;17:10:46;7804;90.5125;90.7389
15.04.2019;17:11:16;7832;90.5171;91.0228
15.04.2019;17:11:46;7864;90.3248;91.4849
15.04.2019;17:12:16;7892;89.8671;91.1859
15.04.2019;17:12:46;7923;89.8213;91.0288
15.04.2019;17:13:16;7951;89.9861;91.0379
15.04.2019;17:13:46;7983;90.0456;91.0379
15.04.2019;17:14:16;8011;88.9881;90.8929
15.04.2019;17:14:46;8044;89.4001;90.8929
15.04.2019;17:15:16;8072;89.684;91.0379
15.04.2019;17:15:46;8104;90.9291;90.8839
15.04.2019;17:16:16;8132;89.8854;90.7419
15.04.2019;17:16:46;8164;89.7755;90.7329
15.04.2019;17:17:16;8192;89.6199;91.1768
15.04.2019;17:17:46;8224;89.9403;91.3459
15.04.2019;17:18:16;8252;90.6407;91.1829
15.04.2019;17:18:46;8284;90.0273;91.1829
15.04.2019;17:19:16;8312;90.128;91.0288
15.04.2019;17:19:46;8344;90.5583;91.0409
15.04.2019;17:20:16;8372;90.1189;91.0379
15.04.2019;17:20:46;8404;89.0797;91.0409
15.04.2019;17:21:16;8432;89.4825;90.745
15.04.2019;17:21:46;8464;89.89;90.304
15.04.2019;17:22:16;8492;90.096;90.0171
15.04.2019;17:22:46;8524;89.3544;90.0111
15.04.2019;17:23:16;8552;89.0843;90.0171
15.04.2019;17:23:46;8584;90.6316;90.0171
15.04.2019;17:24:16;8612;90.366;90.0171
15.04.2019;17:24:46;8644;90.5949;90.0232
15.04.2019;17:25:16;8672;89.5924;90.0171
15.04.2019;17:25:46;8704;89.0934;90.0111
15.04.2019;17:26:16;8732;90.4393;90.1561
15.04.2019;17:26:46;8764;90.6865;90.304
15.04.2019;17:27:16;8792;90.0593;90.3101
15.04.2019;17:27:46;8824;90.1051;90.15
15.04.2019;17:28:16;8852;90.1417;90.3131
15.04.2019;17:28:46;8884;90.7048;90.3131
15.04.2019;17:29:16;8912;89.5375;90.455
15.04.2019;17:29:46;8944;89.0889;90.4671
15.04.2019;17:30:16;8972;89.8533;90.7419
15.04.2019;17:30:46;9004;90.6865;90.745
15.04.2019;17:31:16;9032;91.2084;89.4524
15.04.2019;17:31:46;9064;90.0914;88.1387
15.04.2019;17:32:16;9092;90.0777;86.819
15.04.2019;17:32:46;9124;88.9607;85.6321
15.04.2019;17:33:16;9152;89.1621;86.3599
15.04.2019;17:33:46;9184;89.5237;87.8276
15.04.2019;17:34:16;9212;89.1941;88.9873
15.04.2019;17:34:46;9244;89.7068;89.8601
15.04.2019;17:35:16;9272;89.9861;90.452
15.04.2019;17:35:46;9304;89.7389;90.7329
15.04.2019;17:36:16;9332;89.4917;90.606
15.04.2019;17:36:46;9364;90.5858;92.3637
15.04.2019;17:37:16;9392;90.5995;93.3724
15.04.2019;17:37:46;9424;90.5858;93.8193
15.04.2019;17:38:16;9452;89.7755;93.9673
15.04.2019;17:38:46;9484;89.5649;93.9733
15.04.2019;17:39:16;9512;89.1667;93.9733
15.04.2019;17:39:46;9544;88.9241;93.8314
15.04.2019;17:40:16;9572;89.835;93.6744
15.04.2019;17:40:46;9604;89.7709;93.6774
15.04.2019;17:41:16;9632;90.421;93.3784
15.04.2019;17:41:46;9664;90.1509;93.0794
15.04.2019;17:42:16;9692;89.6794;92.8046
15.04.2019;17:42:46;9725;89.8259;92.5056
15.04.2019;17:43:16;9753;89.9586;92.3546
15.04.2019;17:43:46;9785;90.1555;91.9046
15.04.2019;17:44:16;9813;89.8533;91.6238
15.04.2019;17:44:46;9845;89.8945;91.0319
15.04.2019;17:45:16;9873;90.1234;90.452
15.04.2019;17:45:46;9905;89.5283;89.2742
15.04.2019;17:46:16;9933;89.0705;87.7974
15.04.2019;17:46:46;9965;89.1896;88.6763
15.04.2019;17:47:16;9993;88.9332;88.8212
15.04.2019;17:47:46;10025;90.746;87.6525
15.04.2019;17:48:16;10053;92.3757;85.7438
15.04.2019;17:48:46;10085;91.332;83.0107
15.04.2019;17:49:16;10113;91.0435;80.939
15.04.2019;17:49:46;10145;90.5949;80.5072
15.04.2019;17:50:16;10173;89.5329;80.5102
15.04.2019;17:50:46;10205;89.9907;80.939
15.04.2019;17:51:16;10233;89.1529;81.5249
15.04.2019;17:51:46;10265;89.1117;82.1229
15.04.2019;17:52:16;10293;89.1667;82.7087
15.04.2019;17:52:46;10325;89.5375;83.1376
15.04.2019;17:53:16;10353;90.4942;83.5785
15.04.2019;17:53:46;10385;89.4505;83.8775
15.04.2019;17:54:16;10413;89.9769;84.3154
15.04.2019;17:54:46;10445;89.9724;84.7503
15.04.2019;17:55:16;10473;90.0548;85.0553
15.04.2019;17:55:46;10505;90.128;85.3331
15.04.2019;17:56:16;10533;89.6794;85.4841
15.04.2019;17:56:46;10566;89.9815;85.7982
15.04.2019;17:57:16;10593;90.4759;85.9462
15.04.2019;17:57:46;10626;90.0685;85.9492
15.04.2019;17:58:16;10654;90.4942;86.2361
15.04.2019;17:58:46;10686;90.4896;86.3871
15.04.2019;17:59:16;10714;89.684;86.677
15.04.2019;17:59:46;10745;88.1916;86.976
15.04.2019;18:00:16;10774;88.8325;87.2659
15.04.2019;18:00:46;10805;91.19;87.4139
15.04.2019;18:01:16;10833;91.5425;87.2659
15.04.2019;18:01:46;10866;90.2333;86.372
15.04.2019;18:02:16;10882;90.6178;85.6381
15.04.2019;18:02:46;10882;90.6178;85.6381
15.04.2019;18:03:16;10882;90.6178;85.6381
15.04.2019;18:03:46;10882;90.6178;85.6381
15.04.2019;18:04:16;10882;90.6178;85.6381
15.04.2019;18:04:46;10882;90.6178;85.6381
15.04.2019;18:05:16;10882;90.6178;85.6381
15.04.2019;18:20:50;10882;90.6178;85.6381
15.04.2019;18:21:19;10882;90.6178;85.6381
15.04.2019;18:21:49;10882;90.6178;85.6381
15.04.2019;18:22:19;10882;90.6178;85.6381
15.04.2019;18:22:49;10882;90.6178;85.6381
15.04.2019;18:23:19;10882;90.6178;85.6381
15.04.2019;18:23:49;10882;90.6178;85.6381
15.04.2019;18:24:19;10882;90.6178;85.6381
15.04.2019;18:24:49;10882;90.6178;85.6381
15.04.2019;18:25:19;10882;90.6178;85.6381
15.04.2019;18:25:50;10882;90.6178;85.6381
15.04.2019;18:26:19;10882;90.6178;85.6381
15.04.2019;18:26:49;10882;90.6178;85.6381
15.04.2019;18:27:19;10882;90.6178;85.6381
15.04.2019;18:27:49;10882;90.6178;85.6381
15.04.2019;18:28:19;10882;90.6178;85.6381
15.04.2019;18:28:49;10882;90.6178;85.6381
15.04.2019;18:29:19;10882;90.6178;85.6381
15.04.2019;18:29:49;10882;90.6178;85.6381
15.04.2019;18:30:19;10882;90.6178;85.6381
15.04.2019;18:30:50;10882;90.6178;85.6381
15.04.2019;18:31:19;10882;90.6178;85.6381
15.04.2019;18:31:49;10882;90.6178;85.6381
15.04.2019;18:32:19;10882;90.6178;85.6381
15.04.2019;18:32:49;10882;90.6178;85.6381
15.04.2019;18:33:19;10882;90.6178;85.6381
15.04.2019;18:33:49;10882;90.6178;85.6381
15.04.2019;18:34:19;10882;90.6178;85.6381
15.04.2019;18:34:49;10882;90.6178;85.6381
15.04.2019;18:35:19;10882;90.6178;85.6381
15.04.2019;18:35:49;10882;90.6178;85.6381
15.04.2019;18:36:19;10882;90.6178;85.6381
15.04.2019;18:36:49;10882;90.6178;85.6381
15.04.2019;18:37:19;10882;90.6178;85.6381
15.04.2019;18:37:49;10882;90.6178;85.6381
15.04.2019;18:38:19;10882;90.6178;85.6381
15.04.2019;18:38:49;10882;90.6178;85.6381
15.04.2019;18:39:19;10882;90.6178;85.6381
15.04.2019;18:39:49;10882;90.6178;85.6381
15.04.2019;18:40:19;10882;90.6178;85.6381
15.04.2019;18:40:49;10882;90.6178;85.6381
15.04.2019;18:41:19;10882;90.6178;85.6381
15.04.2019;18:41:49;10882;90.6178;85.6381
15.04.2019;18:42:19;10882;90.6178;85.6381
15.04.2019;18:42:49;10882;90.6178;85.6381
15.04.2019;18:43:19;10882;90.6178;85.6381
15.04.2019;18:43:49;10882;90.6178;85.6381
15.04.2019;18:44:19;10882;90.6178;85.6381
15.04.2019;18:44:49;10882;90.6178;85.6381
15.04.2019;18:45:19;10882;90.6178;85.6381
15.04.2019;18:45:49;10882;90.6178;85.6381
15.04.2019;18:46:19;10882;90.6178;85.6381
15.04.2019;18:46:49;10882;90.6178;85.6381
15.04.2019;18:47:19;10882;90.6178;85.6381
15.04.2019;18:47:49;10882;90.6178;85.6381
15.04.2019;18:48:19;10882;90.6178;85.6381
15.04.2019;18:48:49;10882;90.6178;85.6381
15.04.2019;18:49:19;10882;90.6178;85.6381
15.04.2019;18:49:49;10882;90.6178;85.6381
15.04.2019;18:50:19;10882;90.6178;85.6381
15.04.2019;18:50:49;10882;90.6178;85.6381
15.04.2019;18:51:19;10882;90.6178;85.6381
15.04.2019;18:51:49;10882;90.6178;85.6381
15.04.2019;18:52:19;10882;90.6178;85.6381
15.04.2019;18:52:49;10882;90.6178;85.6381
15.04.2019;18:53:19;10882;90.6178;85.6381
15.04.2019;18:53:49;10882;90.6178;85.6381
15.04.2019;18:54:19;10882;90.6178;85.6381
15.04.2019;18:54:49;10882;90.6178;85.6381
15.04.2019;18:55:19;10882;90.6178;85.6381
15.04.2019;18:55:50;10882;90.6178;85.6381
15.04.2019;18:56:19;10882;90.6178;85.6381
15.04.2019;18:56:49;10882;90.6178;85.6381
15.04.2019;18:57:19;10882;90.6178;85.6381
15.04.2019;18:57:49;10882;90.6178;85.6381
15.04.2019;18:58:19;10882;90.6178;85.6381
15.04.2019;18:58:49;10882;90.6178;85.6381
15.04.2019;18:59:19;10882;90.6178;85.6381
15.04.2019;18:59:49;10882;90.6178;85.6381
15.04.2019;19:00:19;10882;90.6178;85.6381
15.04.2019;19:00:49;10882;90.6178;85.6381
15.04.2019;19:01:19;10882;90.6178;85.6381
15.04.2019;19:01:49;10882;90.6178;85.6381
15.04.2019;19:02:19;10882;90.6178;85.6381
15.04.2019;19:02:49;10882;90.6178;85.6381
15.04.2019;19:03:19;10882;90.6178;85.6381
15.04.2019;19:03:49;10882;90.6178;85.6381
15.04.2019;19:04:19;10882;90.6178;85.6381
15.04.2019;19:04:49;10882;90.6178;85.6381
15.04.2019;19:05:19;10882;90.6178;85.6381
15.04.2019;19:05:49;10882;90.6178;85.6381
15.04.2019;19:06:19;10882;90.6178;85.6381
15.04.2019;19:06:49;10882;90.6178;85.6381
15.04.2019;19:07:19;10882;90.6178;85.6381
15.04.2019;19:07:49;10882;90.6178;85.6381
15.04.2019;19:08:19;10882;90.6178;85.6381
15.04.2019;19:08:49;10882;90.6178;85.6381
15.04.2019;19:09:19;10882;90.6178;85.6381
15.04.2019;19:09:49;10882;90.6178;85.6381
15.04.2019;19:10:19;10882;90.6178;85.6381
15.04.2019;19:10:49;10882;90.6178;85.6381
15.04.2019;19:11:19;10882;90.6178;85.6381
15.04.2019;19:11:49;10882;90.6178;85.6381
15.04.2019;19:12:19;10882;90.6178;85.6381
15.04.2019;19:12:49;10882;90.6178;85.6381
15.04.2019;19:13:19;10882;90.6178;85.6381
15.04.2019;19:13:49;10882;90.6178;85.6381
15.04.2019;19:14:19;10882;90.6178;85.6381
15.04.2019;19:14:49;10882;90.6178;85.6381
15.04.2019;19:15:19;10882;90.6178;85.6381
15.04.2019;19:15:49;10882;90.6178;85.6381
15.04.2019;19:16:19;10882;90.6178;85.6381
15.04.2019;19:16:49;10882;90.6178;85.6381
15.04.2019;19:17:19;10882;90.6178;85.6381
15.04.2019;19:17:49;10882;90.6178;85.6381
15.04.2019;19:18:19;10882;90.6178;85.6381
15.04.2019;19:18:49;10882;90.6178;85.6381
15.04.2019;19:19:19;10882;90.6178;85.6381
15.04.2019;19:19:49;10882;90.6178;85.6381
15.04.2019;19:20:19;10882;90.6178;85.6381
15.04.2019;19:20:49;10882;90.6178;85.6381
15.04.2019;19:21:19;10882;90.6178;85.6381
15.04.2019;19:21:49;10882;90.6178;85.6381
15.04.2019;19:22:19;10882;90.6178;85.6381
15.04.2019;19:22:49;10882;90.6178;85.6381
15.04.2019;19:23:19;10882;90.6178;85.6381
15.04.2019;19:23:49;10882;90.6178;85.6381
15.04.2019;19:24:19;10882;90.6178;85.6381
15.04.2019;19:24:49;10882;90.6178;85.6381
15.04.2019;19:25:19;10882;90.6178;85.6381
15.04.2019;19:25:49;10882;90.6178;85.6381
15.04.2019;19:26:19;10882;90.6178;85.6381
15.04.2019;19:26:49;10882;90.6178;85.6381
15.04.2019;19:27:19;10882;90.6178;85.6381
15.04.2019;19:27:49;10882;90.6178;85.6381
15.04.2019;19:28:19;10882;90.6178;85.6381
15.04.2019;19:28:49;10882;90.6178;85.6381
15.04.2019;19:29:19;10882;90.6178;85.6381
15.04.2019;19:29:49;10882;90.6178;85.6381
15.04.2019;19:30:19;10882;90.6178;85.6381
15.04.2019;19:30:49;10882;90.6178;85.6381
15.04.2019;19:31:19;10882;90.6178;85.6381
15.04.2019;19:31:49;10882;90.6178;85.6381
15.04.2019;19:32:19;10882;90.6178;85.6381
15.04.2019;19:32:49;10882;90.6178;85.6381
15.04.2019;19:33:19;10882;90.6178;85.6381
15.04.2019;19:33:49;10882;90.6178;85.6381
15.04.2019;19:34:19;10882;90.6178;85.6381
15.04.2019;19:34:49;10882;90.6178;85.6381
15.04.2019;19:35:19;10882;90.6178;85.6381
15.04.2019;19:35:49;10882;90.6178;85.6381
15.04.2019;19:36:19;10882;90.6178;85.6381
15.04.2019;19:36:49;10882;90.6178;85.6381
15.04.2019;19:37:19;10882;90.6178;85.6381
15.04.2019;19:37:49;10882;90.6178;85.6381
15.04.2019;19:38:19;10882;90.6178;85.6381
15.04.2019;19:38:49;10882;90.6178;85.6381
15.04.2019;19:39:19;10882;90.6178;85.6381
15.04.2019;19:39:49;10882;90.6178;85.6381
15.04.2019;19:40:19;10882;90.6178;85.6381
15.04.2019;19:40:49;10882;90.6178;85.6381
15.04.2019;19:41:19;10882;90.6178;85.6381
15.04.2019;19:41:49;10882;90.6178;85.6381
15.04.2019;19:42:19;10882;90.6178;85.6381
15.04.2019;19:42:49;10882;90.6178;85.6381
15.04.2019;19:43:19;10882;90.6178;85.6381
15.04.2019;19:43:49;10882;90.6178;85.6381
15.04.2019;19:44:19;10882;90.6178;85.6381
15.04.2019;19:44:49;10882;90.6178;85.6381
15.04.2019;19:45:19;10882;90.6178;85.6381
15.04.2019;19:45:49;10882;90.6178;85.6381
15.04.2019;19:46:19;10882;90.6178;85.6381
15.04.2019;19:46:49;10882;90.6178;85.6381
15.04.2019;19:47:19;10882;90.6178;85.6381
15.04.2019;19:47:49;10882;90.6178;85.6381
15.04.2019;19:48:19;10882;90.6178;85.6381
15.04.2019;19:48:49;10882;90.6178;85.6381
15.04.2019;19:49:19;10882;90.6178;85.6381
15.04.2019;19:49:49;10882;90.6178;85.6381
15.04.2019;19:50:19;10882;90.6178;85.6381
15.04.2019;19:50:49;10882;90.6178;85.6381
15.04.2019;19:51:19;10882;90.6178;85.6381
15.04.2019;19:51:49;10882;90.6178;85.6381
15.04.2019;19:52:19;10882;90.6178;85.6381
15.04.2019;19:52:49;10882;90.6178;85.6381
15.04.2019;19:53:19;10882;90.6178;85.6381
15.04.2019;19:53:49;10882;90.6178;85.6381
15.04.2019;19:54:19;10882;90.6178;85.6381
15.04.2019;19:54:49;10882;90.6178;85.6381
15.04.2019;19:55:19;10882;90.6178;85.6381
15.04.2019;19:55:49;10882;90.6178;85.6381
15.04.2019;19:56:19;10882;90.6178;85.6381
15.04.2019;19:56:49;10882;90.6178;85.6381
15.04.2019;19:57:19;10882;90.6178;85.6381
15.04.2019;19:57:49;10882;90.6178;85.6381
15.04.2019;19:58:19;10882;90.6178;85.6381
15.04.2019;19:58:49;10882;90.6178;85.6381
15.04.2019;19:59:19;10882;90.6178;85.6381
15.04.2019;19:59:49;10882;90.6178;85.6381
15.04.2019;20:00:19;10882;90.6178;85.6381
15.04.2019;20:00:49;10882;90.6178;85.6381
15.04.2019;20:01:19;10882;90.6178;85.6381
15.04.2019;20:01:49;10882;90.6178;85.6381
15.04.2019;20:02:19;10882;90.6178;85.6381
15.04.2019;20:02:49;10882;90.6178;85.6381
15.04.2019;20:03:19;10882;90.6178;85.6381
15.04.2019;20:03:49;10882;90.6178;85.6381
15.04.2019;20:04:19;10882;90.6178;85.6381
15.04.2019;20:04:49;10882;90.6178;85.6381
15.04.2019;20:05:19;10882;90.6178;85.6381
15.04.2019;20:05:49;10882;90.6178;85.6381
15.04.2019;20:06:19;10882;90.6178;85.6381
15.04.2019;20:06:49;10882;90.6178;85.6381
15.04.2019;20:07:19;10882;90.6178;85.6381
15.04.2019;20:07:49;10882;90.6178;85.6381
15.04.2019;20:08:19;10882;90.6178;85.6381
15.04.2019;20:08:49;10882;90.6178;85.6381
15.04.2019;20:09:19;10882;90.6178;85.6381
15.04.2019;20:09:49;10882;90.6178;85.6381
15.04.2019;20:10:19;10882;90.6178;85.6381
15.04.2019;20:10:49;10882;90.6178;85.6381
15.04.2019;20:11:19;10882;90.6178;85.6381
15.04.2019;20:11:49;10882;90.6178;85.6381
15.04.2019;20:12:19;10882;90.6178;85.6381
15.04.2019;20:12:49;10882;90.6178;85.6381
15.04.2019;20:13:19;10882;90.6178;85.6381
15.04.2019;20:13:49;10882;90.6178;85.6381
15.04.2019;20:14:19;10882;90.6178;85.6381
15.04.2019;20:14:49;10882;90.6178;85.6381
15.04.2019;20:15:19;10882;90.6178;85.6381
15.04.2019;20:15:49;10882;90.6178;85.6381
15.04.2019;20:16:19;10882;90.6178;85.6381
15.04.2019;20:16:49;10882;90.6178;85.6381
15.04.2019;20:17:19;10882;90.6178;85.6381
15.04.2019;20:17:49;10882;90.6178;85.6381
15.04.2019;20:18:19;10882;90.6178;85.6381
15.04.2019;20:18:49;10882;90.6178;85.6381
15.04.2019;20:19:19;10882;90.6178;85.6381
15.04.2019;20:19:49;10882;90.6178;85.6381
15.04.2019;20:20:19;10882;90.6178;85.6381
15.04.2019;20:20:49;10882;90.6178;85.6381
15.04.2019;20:21:19;10882;90.6178;85.6381
15.04.2019;20:21:49;10882;90.6178;85.6381
15.04.2019;20:22:19;10882;90.6178;85.6381
15.04.2019;20:22:49;10882;90.6178;85.6381
15.04.2019;20:23:19;10882;90.6178;85.6381
15.04.2019;20:23:49;10882;90.6178;85.6381
15.04.2019;20:24:19;10882;90.6178;85.6381
15.04.2019;20:24:49;10882;90.6178;85.6381
15.04.2019;20:25:19;10882;90.6178;85.6381
15.04.2019;20:25:49;10882;90.6178;85.6381
15.04.2019;20:26:19;10882;90.6178;85.6381
15.04.2019;20:26:49;10882;90.6178;85.6381
15.04.2019;20:27:19;10882;90.6178;85.6381
15.04.2019;20:27:49;10882;90.6178;85.6381
15.04.2019;20:28:19;10882;90.6178;85.6381
15.04.2019;20:28:49;10882;90.6178;85.6381
15.04.2019;20:29:19;10882;90.6178;85.6381
15.04.2019;20:29:49;10882;90.6178;85.6381
15.04.2019;20:30:19;10882;90.6178;85.6381
15.04.2019;20:30:49;10882;90.6178;85.6381
15.04.2019;20:31:19;10882;90.6178;85.6381
15.04.2019;20:31:49;10882;90.6178;85.6381
15.04.2019;20:32:19;10882;90.6178;85.6381
15.04.2019;20:32:49;10882;90.6178;85.6381
15.04.2019;20:33:19;10882;90.6178;85.6381
15.04.2019;20:33:49;10882;90.6178;85.6381
15.04.2019;20:34:19;10882;90.6178;85.6381
15.04.2019;20:34:49;10882;90.6178;85.6381
15.04.2019;20:35:19;10882;90.6178;85.6381
15.04.2019;20:35:49;10882;90.6178;85.6381
15.04.2019;20:36:19;10882;90.6178;85.6381
15.04.2019;20:36:49;10882;90.6178;85.6381
15.04.2019;20:37:19;10882;90.6178;85.6381
15.04.2019;20:37:49;10882;90.6178;85.6381
15.04.2019;20:38:19;10882;90.6178;85.6381
15.04.2019;20:38:49;10882;90.6178;85.6381
15.04.2019;20:39:19;10882;90.6178;85.6381
15.04.2019;20:39:49;10882;90.6178;85.6381
15.04.2019;20:40:19;10882;90.6178;85.6381
15.04.2019;20:40:49;10882;90.6178;85.6381
15.04.2019;20:41:19;10882;90.6178;85.6381
15.04.2019;20:41:49;10882;90.6178;85.6381
15.04.2019;20:42:19;10882;90.6178;85.6381
15.04.2019;20:42:49;10882;90.6178;85.6381
15.04.2019;20:43:19;10882;90.6178;85.6381
15.04.2019;20:43:49;10882;90.6178;85.6381
15.04.2019;20:44:19;10882;90.6178;85.6381
15.04.2019;20:44:49;10882;90.6178;85.6381
15.04.2019;20:45:19;10882;90.6178;85.6381
15.04.2019;20:45:49;10882;90.6178;85.6381
15.04.2019;20:46:19;10882;90.6178;85.6381
15.04.2019;20:46:49;10882;90.6178;85.6381
15.04.2019;20:47:19;10882;90.6178;85.6381
15.04.2019;20:47:49;10882;90.6178;85.6381
15.04.2019;20:48:19;10882;90.6178;85.6381
15.04.2019;20:48:49;10882;90.6178;85.6381
15.04.2019;20:49:19;10882;90.6178;85.6381
15.04.2019;20:49:49;10882;90.6178;85.6381
15.04.2019;20:50:19;10882;90.6178;85.6381
15.04.2019;20:50:49;10882;90.6178;85.6381
15.04.2019;20:51:19;10882;90.6178;85.6381
15.04.2019;20:51:49;10882;90.6178;85.6381
15.04.2019;20:52:19;10882;90.6178;85.6381
15.04.2019;20:52:49;10882;90.6178;85.6381
15.04.2019;20:53:19;10882;90.6178;85.6381
15.04.2019;20:53:49;10882;90.6178;85.6381
15.04.2019;20:54:19;10882;90.6178;85.6381
15.04.2019;20:54:49;10882;90.6178;85.6381
15.04.2019;20:55:19;10882;90.6178;85.6381
15.04.2019;20:55:49;10882;90.6178;85.6381
15.04.2019;20:56:19;10882;90.6178;85.6381
15.04.2019;20:56:49;10882;90.6178;85.6381
15.04.2019;20:57:19;10882;90.6178;85.6381
15.04.2019;20:57:49;10882;90.6178;85.6381
15.04.2019;20:58:19;10882;90.6178;85.6381
15.04.2019;20:58:49;10882;90.6178;85.6381
15.04.2019;20:59:19;10882;90.6178;85.6381
15.04.2019;20:59:49;10882;90.6178;85.6381
15.04.2019;21:00:19;10882;90.6178;85.6381
15.04.2019;21:00:49;10882;90.6178;85.6381
15.04.2019;21:01:19;10882;90.6178;85.6381
15.04.2019;21:01:49;10882;90.6178;85.6381
15.04.2019;21:02:19;10882;90.6178;85.6381
15.04.2019;21:02:49;10882;90.6178;85.6381
15.04.2019;21:03:19;10882;90.6178;85.6381
15.04.2019;21:03:49;10882;90.6178;85.6381
15.04.2019;21:04:19;10882;90.6178;85.6381
15.04.2019;21:04:49;10882;90.6178;85.6381
15.04.2019;21:05:19;10882;90.6178;85.6381
15.04.2019;21:05:49;10882;90.6178;85.6381
15.04.2019;21:06:19;10882;90.6178;85.6381
15.04.2019;21:06:49;10882;90.6178;85.6381
15.04.2019;21:07:19;10882;90.6178;85.6381
15.04.2019;21:07:49;10882;90.6178;85.6381
15.04.2019;21:08:19;10882;90.6178;85.6381
15.04.2019;21:08:49;10882;90.6178;85.6381
15.04.2019;21:09:19;10882;90.6178;85.6381
15.04.2019;21:09:49;10882;90.6178;85.6381
15.04.2019;21:10:19;10882;90.6178;85.6381
15.04.2019;21:10:49;10882;90.6178;85.6381
15.04.2019;21:11:19;10882;90.6178;85.6381
15.04.2019;21:11:49;10882;90.6178;85.6381
15.04.2019;21:12:19;10882;90.6178;85.6381
15.04.2019;21:12:49;10882;90.6178;85.6381
15.04.2019;21:13:19;10882;90.6178;85.6381
15.04.2019;21:13:49;10882;90.6178;85.6381
15.04.2019;21:14:19;10882;90.6178;85.6381
15.04.2019;21:14:49;10882;90.6178;85.6381
15.04.2019;21:15:19;10882;90.6178;85.6381
15.04.2019;21:15:49;10882;90.6178;85.6381
15.04.2019;21:16:19;10882;90.6178;85.6381
15.04.2019;21:16:49;10882;90.6178;85.6381
15.04.2019;21:17:19;10882;90.6178;85.6381
15.04.2019;21:17:49;10882;90.6178;85.6381
15.04.2019;21:18:20;10882;90.6178;85.6381
16.04.2019;08:38:01;10882;90.6178;85.6381
16.04.2019;08:38:39;10882;90.6178;85.6381
16.04.2019;08:38:59;10882;90.6178;85.6381
16.04.2019;08:39:29;10882;90.6178;85.6381
16.04.2019;08:39:59;10882;90.6178;85.6381
